"","ChannelPartnerID","email","sms","call","response","n_comp","loyalty","portal","rewards","nps","n_yrs","Region","Sales2019","B1Sales2019","B1Contribution","Sales2018","Active3M","BuyingFrequency2019","B1BuyingFrequency","BrandEngagement"
"1",10048,1,0,0,1,2,0,0,0,5,5,"South",85776,40000,47,5724,0,2,1,3
"2",10073,1,0,1,1,5,0,0,0,3,7,"North",57648,28500,49,102565,0,2,1,5
"3",10258,1,0,0,0,0,0,0,0,7,9,"East",11522,2000,17,92744,1,6,2,4
"4",10416,1,0,1,0,1,1,0,1,1,5,"South",63422,0,0,69847,0,2,0,5
"5",10444,0,0,1,0,1,0,0,0,3,5,"South",20000,6195,31,93525,1,6,1,6
"6",10454,0,1,0,0,0,0,1,0,7,3,"South",104355,0,0,171420,0,4,0,5
"7",10512,0,1,0,0,2,0,1,0,6,7,"West",96740,22911,24,46478,1,5,1,5
"8",10618,1,0,1,0,5,0,0,0,2,8,"North",22000,22000,100,179023,1,1,1,2
"9",10653,1,0,1,1,1,0,0,0,1,8,"East",75000,40000,53,6202,1,2,1,2
"10",10819,1,1,1,1,1,1,1,1,6,5,"North",55000,22000,40,42285,1,1,1,3
"11",10831,2,1,3,1,1,1,1,0,4,3,"West",45000,0,0,35577,0,1,0,2
"12",10836,1,1,1,1,0,1,1,1,4,7,"South",33117,0,0,83446,1,2,0,3
"13",10869,3,2,1,1,1,1,0,0,3,9,"West",82381,14337,17,57897,1,4,1,5
"14",10984,0,1,0,0,0,0,1,0,3,3,"West",55657,0,0,59005,0,3,0,4
"15",10991,2,1,2,1,4,1,1,0,3,5,"North",25557,13634,53,36179,0,2,2,3
"16",10997,1,0,1,0,1,1,0,1,6,4,"North",0,0,0,128259,0,0,0,3
"17",11019,1,0,1,0,4,0,0,0,5,8,"West",116102,0,0,101316,1,2,0,4
"18",11100,0,1,0,0,3,0,1,0,3,2,"North",42607,29162,68,73904,1,3,2,4
"19",11111,1,0,0,0,4,0,0,0,6,3,"South",24173,0,0,19317,0,1,0,2
"20",11122,0,1,0,0,5,0,1,0,2,3,"North",70936,0,0,24661,0,2,0,3
"21",11172,1,1,1,0,0,1,1,1,8,6,"North",0,0,0,91380,0,0,0,4
"22",11207,1,1,1,0,0,0,1,0,2,2,"South",65897,5419,8,34399,1,5,1,5
"23",11215,1,1,2,1,3,0,1,0,9,7,"North",120583,61500,51,9521,1,6,2,4
"24",11297,1,1,1,0,0,0,1,0,1,8,"West",79029,29742,38,61359,1,5,2,4
"25",11354,1,1,1,1,0,0,1,0,10,3,"South",40000,22000,55,122913,0,2,1,4
"26",11357,2,1,3,1,3,0,1,0,6,4,"West",19931,0,0,5119,0,1,0,2
"27",11471,0,1,0,0,0,0,1,0,6,4,"East",70000,10000,14,36073,1,5,2,4
"28",11656,1,0,1,1,4,1,0,1,10,6,"North",33272,3325,10,0,0,2,1,2
"29",11703,1,1,1,0,1,1,1,1,6,8,"East",70837,38918,55,45087,0,4,1,4
"30",11752,0,1,0,0,0,0,1,0,3,4,"East",19951,0,0,125401,1,1,0,3
"31",11806,1,0,1,0,2,1,0,1,7,6,"East",45436,812,2,55739,0,3,1,5
"32",12016,1,1,1,0,1,1,1,1,2,7,"East",5705,0,0,40023,1,1,0,3
"33",12027,1,1,1,0,1,1,1,1,3,5,"North",19000,1000,5,80276,1,5,3,3
"34",12152,1,0,1,0,4,1,0,1,7,9,"West",23369,0,0,8819,1,2,0,3
"35",12223,1,1,1,1,3,1,1,1,1,2,"East",46000,20000,43,29162,1,2,1,3
"36",12382,1,1,1,0,4,1,1,1,8,5,"South",23369,23369,100,80234,0,1,1,2
"37",12384,1,1,1,0,1,1,1,1,1,3,"East",50107,0,0,3748,0,2,0,3
"38",12398,1,0,1,0,1,1,0,1,5,2,"West",39889,39889,100,56253,1,1,1,3
"39",12411,1,2,1,0,5,1,1,1,6,3,"South",1917,0,0,24132,1,1,0,2
"40",12509,1,1,0,1,5,0,1,0,0,6,"West",37073,0,0,72932,0,1,0,2
"41",12585,1,1,1,0,3,1,1,1,1,8,"South",59859,57047,95,65761,0,2,1,3
"42",12594,0,1,0,1,4,0,0,0,3,3,"North",54682,0,0,26540,0,2,0,3
"43",12722,0,1,0,0,2,1,1,0,2,3,"North",149309,34201,23,14124,1,5,3,4
"44",12768,1,0,1,1,3,0,0,0,8,3,"West",130703,4207,3,85473,0,4,1,4
"45",12776,1,1,1,0,4,1,1,1,4,6,"North",45698,0,0,71664,1,3,0,3
"46",12883,0,1,0,1,1,1,0,0,4,4,"North",67199,15281,23,10971,1,3,1,3
"47",12981,1,1,0,1,3,0,1,0,10,4,"West",75589,9590,13,0,1,3,1,3
"48",13087,0,1,0,0,3,0,0,0,4,4,"West",9100,574,6,62204,1,4,1,4
"49",13090,1,0,1,1,3,0,0,0,9,2,"South",84731,5985,7,65929,1,4,1,3
"50",13142,0,1,0,0,2,0,0,0,5,5,"West",119658,59027,49,75434,0,2,2,3
"51",13218,0,1,0,1,1,1,1,0,7,4,"South",35000,15000,43,55597,1,4,2,5
"52",13262,1,1,1,0,5,1,1,1,0,4,"West",14000,7768,55,35112,0,2,1,4
"53",13267,0,1,0,0,4,0,0,0,5,8,"South",30000,19464,65,63726,1,2,1,4
"54",13401,1,0,1,1,2,1,0,1,7,5,"West",33017,20839,63,39548,1,3,1,3
"55",13436,1,1,1,0,3,1,1,1,2,3,"East",15150,0,0,0,0,2,0,3
"56",13461,1,0,1,0,5,1,0,1,5,4,"East",14656,0,0,51387,0,2,0,2
"57",13469,0,1,0,1,2,0,1,0,0,8,"South",137659,39992,29,25746,1,6,1,4
"58",13507,0,2,0,0,3,0,0,0,1,4,"South",56403,44643,79,63009,0,3,1,4
"59",13575,0,2,0,1,2,1,0,0,8,7,"East",33000,16000,48,103168,0,2,1,4
"60",13670,2,0,0,0,3,0,0,0,4,4,"South",45142,0,0,81069,0,2,0,4
"61",13673,1,1,3,1,4,0,1,0,6,9,"West",76957,0,0,105453,0,5,0,4
"62",13763,0,1,0,1,1,0,0,0,6,6,"East",125846,0,0,40218,1,3,0,5
"63",13793,0,1,0,0,2,1,0,0,8,3,"West",27655,0,0,60433,1,2,0,3
"64",13826,1,0,1,0,5,1,0,1,2,5,"East",45896,0,0,1817,0,2,0,1
"65",13834,1,0,1,1,2,0,0,0,8,5,"West",10532,4285,41,4822,1,2,1,3
"66",13918,0,1,0,0,2,0,1,0,2,5,"West",0,0,0,40795,0,0,0,2
"67",14036,0,1,0,0,4,0,1,0,0,3,"North",53343,17760,33,12603,1,3,2,3
"68",14142,0,1,0,0,2,0,0,0,3,3,"South",153379,0,0,0,1,5,0,3
"69",14147,1,0,1,0,5,1,0,1,1,6,"North",53442,0,0,12585,1,3,0,4
"70",14156,1,1,1,1,1,0,1,0,3,2,"North",146137,0,0,165333,0,4,0,5
"71",14259,0,1,0,0,4,1,1,0,4,4,"West",0,0,0,7173,0,0,0,2
"72",14452,1,0,1,0,2,1,0,1,4,6,"East",33649,11556,34,35231,1,2,1,3
"73",14463,1,1,1,1,1,1,1,1,9,6,"North",25045,0,0,67305,1,2,0,3
"74",14512,1,0,1,0,2,1,0,1,2,4,"North",37553,0,0,53973,1,3,0,3
"75",14526,0,1,0,0,3,0,1,0,3,3,"North",107512,0,0,64756,1,3,0,5
"76",14562,3,3,1,1,0,1,0,0,7,5,"East",11567,0,0,68569,1,3,0,5
"77",14799,0,2,0,0,4,0,0,0,3,5,"South",21101,0,0,99661,0,1,0,3
"78",14810,0,2,0,0,1,0,0,0,8,7,"North",47674,0,0,63884,1,3,0,1
"79",14856,1,1,1,0,2,1,1,1,6,5,"North",14964,0,0,78000,1,1,0,3
"80",14891,1,0,1,1,2,0,0,0,8,4,"West",17148,0,0,102638,0,1,0,2
"81",14919,2,1,0,1,2,0,1,0,1,3,"East",135433,47343,35,48176,1,5,2,5
"82",14970,0,2,0,0,3,0,0,0,2,6,"North",24182,8737,36,119242,0,2,1,4
"83",14998,1,0,0,0,1,0,0,0,3,2,"North",60182,0,0,84575,0,3,0,5
"84",15009,1,1,1,0,1,1,1,1,6,7,"West",11336,0,0,53016,0,4,0,2
"85",15020,1,0,1,1,4,1,0,1,7,4,"East",23081,23081,100,48217,0,2,2,3
"86",15033,1,0,1,0,4,1,0,1,3,3,"East",16230,5000,31,125750,1,5,1,4
"87",15136,0,1,0,0,5,1,0,0,6,8,"West",55113,0,0,20185,1,2,0,2
"88",15273,1,1,1,1,2,1,1,1,5,7,"East",16943,977,6,212686,0,3,1,5
"89",15366,1,1,1,0,2,1,1,1,7,6,"West",3000,3000,100,118283,0,1,1,3
"90",15518,0,1,0,0,4,0,1,0,2,3,"South",55239,0,0,136022,0,1,0,5
"91",15583,3,0,2,1,0,1,0,0,9,6,"West",106516,49523,46,184197,1,2,2,5
"92",15679,1,0,1,1,3,1,0,1,9,9,"East",68923,0,0,63160,0,3,0,4
"93",15704,0,1,0,0,1,0,1,0,1,6,"South",30000,0,0,48976,1,2,0,4
"94",15715,0,1,0,0,0,1,1,0,5,3,"South",0,0,0,166931,0,0,0,3
"95",15723,1,1,1,1,5,0,1,0,3,7,"East",25673,15005,58,15384,1,2,1,3
"96",15739,1,0,1,1,1,0,0,0,5,4,"East",32852,0,0,124153,0,1,0,3
"97",15750,1,1,1,1,2,1,1,1,1,6,"South",31852,12000,38,77036,1,4,1,5
"98",15766,2,0,0,0,3,0,0,0,6,6,"South",0,0,0,13895,0,0,0,1
"99",15861,1,1,1,0,0,1,1,1,4,8,"South",101236,40548,40,61356,1,4,1,4
"100",15936,1,1,1,1,0,1,1,1,7,8,"North",79723,12904,16,48268,1,3,1,3
"101",16083,0,1,0,0,5,0,0,0,0,8,"West",0,0,0,41333,0,0,0,2
"102",16094,1,1,0,0,3,0,1,0,6,8,"North",0,0,0,22683,0,0,0,2
"103",16221,1,1,1,0,1,1,1,1,5,7,"East",55448,8212,15,96539,1,3,1,5
"104",16444,1,0,0,1,5,0,0,0,5,8,"North",74151,0,0,61668,1,3,0,4
"105",16453,0,1,0,0,1,0,1,0,7,8,"South",35005,0,0,62012,1,2,0,3
"106",16458,1,1,1,0,0,1,1,1,0,3,"East",34873,12414,36,152104,1,2,1,3
"107",16462,1,0,1,0,3,1,0,1,1,8,"West",48208,0,0,23731,0,2,0,2
"108",16467,0,0,2,0,1,0,0,0,4,9,"East",124818,42941,34,89010,1,5,2,4
"109",16567,1,1,1,0,2,1,1,1,2,2,"North",52500,0,0,35541,1,1,0,3
"110",16628,0,1,0,0,0,0,0,0,3,5,"East",137240,0,0,55707,1,5,0,4
"111",16657,2,2,2,1,4,1,1,1,9,6,"East",28000,13000,46,71361,0,1,1,4
"112",16660,1,0,1,0,4,1,0,1,0,7,"West",35371,12649,36,74088,0,3,1,4
"113",16666,1,0,1,1,5,0,0,0,8,8,"East",100019,50392,50,140154,1,5,2,5
"114",16785,0,1,0,0,4,0,1,0,6,3,"South",12504,0,0,64157,0,2,0,2
"115",16786,1,1,1,0,1,1,1,1,0,9,"East",47163,0,0,43472,1,2,0,4
"116",16788,1,1,1,0,5,1,1,1,4,3,"West",69724,0,0,117066,1,4,0,4
"117",16804,1,1,1,0,3,1,1,1,6,6,"East",12769,0,0,38916,1,4,0,4
"118",16913,1,0,1,0,4,1,0,1,2,9,"North",73374,0,0,70989,1,4,0,3
"119",16960,1,0,1,1,4,1,0,1,3,8,"West",41523,25000,60,41581,0,2,1,3
"120",16984,0,1,0,1,0,1,1,0,7,6,"West",89214,0,0,0,1,4,0,2
"121",17135,1,1,1,0,5,1,1,1,3,2,"South",7522,0,0,167541,0,1,0,4
"122",17162,1,0,0,1,0,0,0,0,0,9,"South",67239,0,0,22462,1,2,0,2
"123",17189,1,1,1,0,0,1,1,1,3,8,"West",33624,0,0,53314,0,1,0,2
"124",17202,1,2,0,1,2,0,0,0,8,4,"West",128878,27031,21,104282,1,4,1,3
"125",17336,0,1,0,0,2,0,0,0,1,7,"East",45938,0,0,0,1,1,0,1
"126",17349,0,1,0,0,5,0,1,0,6,2,"North",0,0,0,42502,0,0,0,2
"127",17445,1,1,1,1,0,1,1,1,4,6,"North",32753,29110,89,15876,1,3,2,3
"128",17461,0,1,0,1,4,1,1,0,9,3,"West",155799,60445,39,80111,1,8,3,5
"129",17470,0,0,2,1,0,0,0,0,8,7,"East",0,0,0,31519,0,0,0,2
"130",17481,1,1,1,1,0,1,1,1,5,6,"South",39134,0,0,5876,0,2,0,1
"131",17494,1,0,0,1,5,0,0,0,4,3,"West",57625,53142,92,0,1,2,1,2
"132",17508,1,0,0,1,4,0,0,0,0,6,"South",47500,31000,65,20978,1,3,1,4
"133",17549,1,0,1,0,2,1,0,1,4,4,"South",76597,0,0,92553,0,4,0,5
"134",17619,0,2,0,0,4,0,0,0,7,7,"North",99463,48485,49,8618,0,3,1,2
"135",17805,1,0,1,0,3,1,0,1,3,3,"West",40962,0,0,59541,0,3,0,4
"136",17827,1,0,1,1,0,0,0,0,4,3,"East",67814,5210,8,26775,0,3,1,5
"137",18042,1,0,1,1,4,0,0,0,0,8,"South",87253,33550,38,124878,0,2,1,4
"138",18164,1,0,0,0,1,0,0,0,0,8,"East",85884,6335,7,32292,1,3,1,5
"139",18208,1,0,0,0,3,0,0,0,1,3,"North",43097,16000,37,141422,0,6,3,5
"140",18211,2,1,0,1,2,0,1,0,9,6,"North",43949,0,0,287,0,3,0,3
"141",18216,0,1,0,1,1,1,0,0,4,8,"South",8642,4500,52,68156,1,3,1,3
"142",18263,1,1,1,1,2,1,1,0,7,8,"South",112977,32800,29,44954,1,4,1,3
"143",18350,1,0,1,0,5,1,0,1,2,7,"East",44937,8113,18,34357,0,1,1,3
"144",18358,0,1,0,1,2,0,1,0,6,5,"East",62021,11503,19,69076,1,3,1,4
"145",18397,0,1,0,0,2,0,1,0,1,4,"West",3070,0,0,143362,0,1,0,3
"146",18432,2,2,2,1,3,1,0,1,1,6,"North",158796,80000,50,64073,1,4,1,4
"147",18511,0,1,0,0,1,0,0,0,2,2,"North",65032,22000,34,39301,1,3,2,4
"148",18524,0,1,0,0,1,0,1,0,1,3,"West",36396,36396,100,139466,1,2,2,4
"149",18533,0,1,0,1,1,0,1,0,2,8,"North",56004,0,0,6244,0,2,0,3
"150",18543,0,1,0,0,1,0,1,0,5,2,"East",57286,8258,14,6964,0,3,1,2
"151",18581,1,1,1,1,3,1,1,1,6,7,"North",103921,48821,47,20314,1,4,2,5
"152",18652,0,1,0,1,4,0,1,0,5,4,"East",52439,0,0,9612,1,1,0,2
"153",18660,1,1,1,1,4,0,1,0,8,7,"East",60854,421,1,172056,1,3,1,5
"154",18685,0,1,0,0,2,0,1,0,3,7,"East",25263,0,0,0,0,1,0,1
"155",18728,1,0,1,1,2,0,0,0,2,8,"East",27130,27130,100,52828,1,2,2,3
"156",18736,1,0,1,1,4,1,0,1,1,6,"South",74020,17760,24,36450,1,3,1,5
"157",18778,1,1,1,0,4,1,1,1,1,5,"South",57024,0,0,52245,1,2,0,3
"158",18846,1,1,1,1,4,1,1,1,4,4,"South",86867,79400,91,34375,1,4,3,6
"159",18854,1,1,1,0,1,1,1,1,5,8,"East",76876,43305,56,1843,0,2,1,2
"160",18881,0,1,0,1,2,0,1,0,6,5,"East",50321,30451,61,73094,0,3,1,4
"161",18938,1,1,1,1,3,0,1,0,8,8,"North",98532,40000,41,50428,0,3,1,5
"162",19064,0,1,0,1,1,0,1,0,7,2,"North",65068,0,0,64851,0,3,0,4
"163",19203,1,0,1,1,4,1,0,1,8,9,"South",40348,0,0,26644,1,5,0,4
"164",19246,0,1,0,0,4,0,1,0,7,8,"North",0,0,0,13947,0,0,0,3
"165",19252,0,1,0,0,4,0,1,0,3,5,"East",22933,0,0,22345,0,1,0,2
"166",19260,1,1,1,1,4,1,1,1,3,7,"North",37863,15000,40,149803,1,2,1,5
"167",19263,1,1,1,0,2,1,1,1,4,4,"North",90488,0,0,118130,1,3,0,5
"168",19273,1,0,0,0,3,0,0,0,0,8,"North",72455,3618,5,94948,0,3,1,5
"169",19435,1,1,1,0,4,1,1,1,0,7,"East",1432,0,0,96149,1,1,0,3
"170",19456,0,1,0,0,2,0,1,0,8,8,"West",49036,14104,29,61215,1,4,2,4
"171",19598,2,0,0,0,1,0,0,0,8,4,"South",12503,0,0,18381,0,1,0,2
"172",19603,0,1,0,1,2,0,1,0,0,5,"West",43974,0,0,30080,1,2,0,3
"173",19748,1,0,1,0,4,1,0,1,7,3,"South",6728,6728,100,48192,1,1,1,3
"174",19759,0,0,2,1,4,0,0,0,9,2,"West",8434,0,0,5099,0,2,0,2
"175",19795,1,0,1,1,2,1,0,1,4,4,"West",65930,31823,48,128591,0,3,2,4
"176",19832,1,1,1,1,5,0,0,0,6,3,"West",67558,33009,49,67157,1,4,2,4
"177",19969,1,1,1,1,0,1,1,1,1,7,"East",54894,14122,26,83706,0,3,2,4
"178",19974,0,1,0,1,4,0,1,0,5,2,"South",62502,0,0,83423,0,2,0,3
"179",20148,0,1,0,0,3,0,0,0,2,4,"West",124629,84735,68,71061,1,3,2,3
"180",20189,2,1,1,0,2,1,1,1,5,8,"South",91695,0,0,82867,1,4,0,4
"181",20266,0,1,0,0,3,0,0,0,4,3,"West",50825,0,0,105703,0,4,0,5
"182",20268,0,1,0,1,2,1,0,0,2,9,"North",51098,0,0,43361,1,1,0,3
"183",20298,1,0,1,0,2,1,0,1,1,6,"South",36127,0,0,0,0,1,0,1
"184",20323,0,1,0,0,4,0,1,0,5,8,"South",25705,0,0,27198,1,2,0,3
"185",20331,1,0,1,0,3,1,0,1,8,8,"North",40134,0,0,132070,1,1,0,4
"186",20350,1,0,1,1,2,1,0,1,7,4,"North",13474,0,0,57174,1,1,0,3
"187",20440,1,0,1,0,4,1,0,1,5,3,"North",1200,0,0,81068,0,3,0,4
"188",20454,1,0,0,0,0,0,0,0,0,9,"West",97480,0,0,37781,1,3,0,3
"189",20473,0,1,0,1,2,1,1,0,4,6,"North",126837,0,0,58000,1,5,0,4
"190",20513,2,0,0,0,3,0,0,0,6,5,"North",63633,63633,100,104313,1,1,1,4
"191",20612,0,2,0,0,4,0,0,0,7,4,"West",106168,55063,52,21035,1,5,2,3
"192",20658,1,1,0,1,0,1,1,0,5,2,"East",59304,0,0,35500,1,2,0,2
"193",20660,1,0,1,1,2,0,0,0,5,3,"West",142020,12106,9,18181,1,6,2,4
"194",20666,1,0,1,0,4,1,0,1,8,3,"East",88471,40968,46,67119,1,3,1,4
"195",20740,1,0,1,1,1,1,0,1,0,8,"South",39218,10713,27,82191,0,2,1,3
"196",20819,0,1,0,1,3,0,0,0,6,7,"East",31663,0,0,82399,0,1,0,2
"197",20830,0,1,0,0,3,0,0,0,1,2,"North",15025,0,0,100510,0,2,0,4
"198",21031,1,1,1,0,2,1,1,1,3,5,"West",5505,0,0,4403,1,2,0,2
"199",21157,1,1,1,0,2,1,1,1,2,3,"East",44530,3332,7,72605,0,3,1,5
"200",21214,1,1,1,0,2,1,1,1,3,5,"North",32567,0,0,83923,0,1,0,3
"201",21307,1,1,1,0,4,1,1,1,4,9,"North",0,0,0,0,0,0,0,0
"202",21318,1,0,1,0,2,1,0,1,0,7,"North",35841,21424,60,40591,0,2,1,3
"203",21418,2,1,1,1,0,0,1,0,3,4,"North",49832,25500,51,80977,1,3,1,5
"204",21525,0,1,0,1,4,0,0,0,3,4,"South",75132,64518,86,34107,1,3,2,3
"205",21838,0,1,0,1,4,1,1,0,6,2,"West",134901,93261,69,48832,1,5,2,4
"206",21895,0,1,0,0,4,0,1,0,2,2,"East",5151,0,0,127843,0,1,0,4
"207",22010,0,1,0,0,0,0,1,0,2,7,"North",0,0,0,28380,0,0,0,1
"208",22056,1,0,1,1,2,1,0,1,9,8,"North",0,0,0,6209,0,0,0,1
"209",22100,2,0,2,1,2,1,0,1,5,2,"North",92635,16118,17,99746,1,4,1,5
"210",22231,1,1,1,1,1,0,1,0,9,8,"North",41763,18500,44,87165,0,2,1,3
"211",22271,1,1,1,1,1,1,1,0,10,9,"North",145313,84322,58,70036,1,4,2,3
"212",22356,1,1,1,0,3,1,1,1,0,9,"North",15801,0,0,0,1,2,0,2
"213",22426,1,0,1,0,2,1,0,1,2,8,"East",25683,0,0,61461,0,1,0,3
"214",22577,1,0,1,0,4,1,0,1,1,9,"East",19582,0,0,51185,0,2,0,4
"215",22580,0,1,0,0,1,0,1,0,2,9,"East",60910,29744,49,25909,0,3,1,5
"216",22604,1,1,1,0,2,1,1,1,5,3,"East",14614,0,0,63681,1,1,0,3
"217",22639,1,1,1,0,0,1,1,1,6,3,"North",31651,0,0,0,0,1,0,1
"218",22790,0,1,0,0,1,0,0,0,8,8,"North",0,0,0,98124,0,0,0,3
"219",22915,0,1,0,0,3,0,0,0,2,4,"East",40676,25152,62,0,1,2,1,2
"220",23108,0,1,0,1,2,1,1,0,2,8,"East",50383,0,0,107087,1,3,0,4
"221",23121,0,1,0,1,2,0,1,0,8,7,"North",19965,14804,74,38997,1,2,1,3
"222",23146,0,1,1,0,4,0,0,0,2,9,"East",20052,0,0,4458,0,1,0,3
"223",23247,1,0,1,0,3,1,0,1,1,6,"South",31733,22593,71,71071,0,2,1,2
"224",23288,1,0,1,0,2,1,0,1,6,2,"North",95587,38181,40,23290,0,2,1,3
"225",23293,0,1,0,0,5,0,0,0,5,3,"East",52028,0,0,0,1,6,0,3
"226",23305,1,0,1,0,4,1,0,1,6,2,"South",61465,26921,44,28142,1,2,1,2
"227",23446,0,1,0,1,4,0,0,0,6,9,"West",60040,60040,100,5165,0,3,3,2
"228",23471,0,1,0,0,1,0,1,0,4,8,"East",0,0,0,3354,0,0,0,1
"229",23484,0,1,0,0,3,0,1,0,7,4,"East",31729,11793,37,44816,1,4,1,4
"230",23574,1,0,1,0,2,1,0,1,0,4,"West",0,0,0,13155,0,0,0,1
"231",23607,0,1,0,0,4,0,0,0,3,8,"North",55695,0,0,72845,0,1,0,4
"232",23846,1,0,1,1,3,1,0,1,7,5,"East",80919,0,0,95660,1,2,0,4
"233",23868,2,0,0,0,3,0,0,0,5,3,"West",81363,71497,88,113900,0,4,3,4
"234",23942,1,0,0,0,5,0,0,0,7,5,"West",34988,0,0,124509,1,1,0,4
"235",24021,1,0,1,0,1,1,0,1,8,3,"North",43220,11221,26,41795,1,1,1,3
"236",24048,1,1,2,1,4,1,1,0,3,8,"North",6006,0,0,63158,0,1,0,3
"237",24141,0,1,0,1,4,1,1,0,8,3,"East",38888,0,0,27386,1,2,0,2
"238",24152,1,1,1,0,1,1,1,1,2,6,"West",37093,32912,89,6537,0,2,1,3
"239",24160,0,1,0,1,3,0,0,0,6,6,"East",74861,38852,52,48954,0,2,1,3
"240",24171,1,0,1,1,1,1,0,1,7,8,"North",0,0,0,79693,0,0,0,1
"241",24299,1,0,1,0,2,1,0,1,3,3,"South",102110,0,0,19120,1,4,0,5
"242",24585,1,1,1,1,2,0,1,0,7,4,"North",49909,0,0,59362,0,2,0,3
"243",24634,1,0,1,0,3,1,0,1,2,4,"North",57201,7088,12,50572,1,3,1,3
"244",24656,1,1,1,1,3,0,1,0,9,7,"North",49773,0,0,34646,1,2,0,3
"245",24719,0,1,0,0,1,0,0,0,2,9,"West",156460,17500,11,27123,0,5,1,4
"246",24757,2,2,2,1,3,1,1,1,7,6,"North",94152,0,0,141705,1,2,0,4
"247",24880,1,0,1,0,0,1,0,1,2,4,"East",76308,0,0,50519,0,2,0,3
"248",24891,1,1,1,1,5,1,1,1,3,7,"West",23003,12059,52,0,1,2,1,2
"249",24904,1,1,1,1,1,0,1,0,1,8,"North",0,0,0,1895,0,0,0,1
"250",25005,1,1,1,0,3,1,1,1,4,8,"South",144957,0,0,30715,1,4,0,5
"251",25065,1,0,1,1,3,1,0,1,7,7,"East",62881,0,0,26797,1,2,0,4
"252",25078,1,1,1,1,4,0,1,0,7,7,"North",24732,0,0,52545,1,3,0,3
"253",25095,0,1,0,0,1,0,1,0,2,3,"South",28850,0,0,40963,1,4,0,4
"254",25103,1,1,1,1,2,1,1,1,3,6,"East",0,0,0,21764,0,0,0,2
"255",25114,0,1,0,0,5,0,1,0,6,7,"East",80255,15218,19,132179,1,4,1,5
"256",25223,1,0,1,1,4,1,0,1,5,7,"North",44485,0,0,21196,0,4,0,4
"257",25242,1,0,1,1,4,1,0,1,1,5,"South",32681,297,1,52134,0,3,1,5
"258",25351,1,1,1,0,2,1,1,1,4,8,"South",61497,0,0,0,1,4,0,2
"259",25362,0,1,0,0,5,0,0,0,8,7,"North",36205,20905,58,68080,1,4,2,4
"260",25536,0,1,0,0,3,0,0,0,4,6,"North",101593,0,0,6516,0,4,0,3
"261",25724,0,1,0,1,5,0,1,0,3,5,"South",56958,29655,52,21954,1,4,2,3
"262",25779,0,1,1,1,2,1,0,0,0,4,"South",115282,115282,100,74482,0,3,3,2
"263",25790,1,0,1,1,4,0,0,0,9,3,"North",72132,0,0,109595,1,3,0,5
"264",25907,1,0,1,0,5,1,0,1,2,4,"North",8039,0,0,38439,0,2,0,2
"265",25910,0,1,0,1,2,1,1,0,2,3,"East",5743,0,0,60672,0,2,0,2
"266",25929,0,1,0,0,3,0,1,0,6,3,"East",61866,0,0,59140,0,3,0,5
"267",25932,1,1,1,0,4,1,1,1,5,2,"North",11166,0,0,24328,0,1,0,3
"268",25937,1,0,1,1,4,1,0,1,6,5,"East",45046,29923,66,124379,1,3,1,4
"269",25946,1,0,1,0,4,1,0,1,2,5,"North",61261,0,0,165385,0,2,0,5
"270",26081,1,1,1,0,2,1,1,1,7,2,"West",62648,0,0,25676,0,1,0,2
"271",26242,1,1,0,0,2,0,1,0,7,5,"East",0,0,0,93856,0,0,0,3
"272",26264,1,0,1,1,2,0,0,0,5,8,"West",74316,0,0,70767,1,3,0,3
"273",26289,1,1,0,0,4,0,1,0,4,7,"South",0,0,0,38513,0,0,0,1
"274",26450,1,0,1,0,2,1,0,1,7,4,"North",45309,169,0,84373,1,4,1,4
"275",26602,1,1,1,1,4,1,1,1,1,4,"East",5677,5677,100,78222,1,1,1,4
"276",26613,1,1,1,0,1,1,1,1,5,3,"North",32265,5781,18,19844,0,2,1,3
"277",26621,0,1,0,0,2,0,1,0,2,4,"West",42715,0,0,15403,0,1,0,3
"278",26646,0,1,0,1,4,1,0,0,3,9,"East",92920,37040,40,65117,1,4,1,5
"279",26654,1,1,1,1,2,0,1,0,4,7,"West",108609,0,0,78616,1,5,0,5
"280",26662,1,0,1,0,5,1,0,1,8,3,"East",16054,0,0,41732,1,6,0,4
"281",26787,1,1,1,0,2,1,1,1,3,5,"South",69403,39897,57,10457,1,3,1,4
"282",26796,0,1,0,0,4,0,0,0,8,7,"South",47871,0,0,78483,0,3,0,3
"283",26807,1,0,1,0,5,1,0,1,6,5,"South",127995,0,0,86745,1,4,0,5
"284",26836,1,1,1,1,2,1,1,0,9,4,"North",53502,25832,48,34248,1,4,2,2
"285",26934,0,1,0,0,4,1,1,0,6,7,"East",19814,0,0,59857,0,2,0,3
"286",26948,0,1,0,1,1,1,1,0,6,8,"West",53994,25449,47,172267,1,4,2,5
"287",26992,1,1,1,0,3,1,1,1,3,2,"East",58791,0,0,30708,0,1,0,3
"288",27019,1,1,1,1,4,1,0,1,9,8,"West",42424,0,0,43587,0,2,0,4
"289",27168,2,1,0,1,1,1,0,0,1,9,"North",33073,0,0,5300,1,2,0,4
"290",27183,0,1,0,0,1,0,1,0,8,8,"North",0,0,0,87459,0,0,0,3
"291",27294,1,0,1,1,1,1,0,1,5,4,"East",0,0,0,44278,0,0,0,3
"292",27558,1,0,1,0,1,1,0,1,2,4,"East",66377,0,0,112036,0,2,0,4
"293",27681,0,1,0,0,3,0,1,0,5,3,"East",90351,0,0,72778,1,4,0,5
"294",27698,0,1,0,0,2,0,0,0,8,5,"North",74521,4280,6,45510,1,5,1,3
"295",27701,0,1,0,1,2,1,1,0,6,5,"East",6765,0,0,56590,0,1,0,3
"296",27801,1,2,0,0,1,0,0,0,7,9,"South",61736,1016,2,16702,1,3,1,4
"297",27975,1,0,0,0,4,0,0,0,2,3,"South",60752,17566,29,42110,1,3,1,4
"298",28038,0,1,0,0,2,0,1,0,4,7,"South",61986,0,0,22946,1,5,0,4
"299",28082,2,0,1,0,3,0,0,0,8,3,"North",39809,0,0,40286,1,2,0,3
"300",28090,1,1,1,0,1,1,1,1,8,6,"West",64164,0,0,117130,0,2,0,4
"301",28110,0,1,0,0,4,1,0,0,0,7,"South",67517,0,0,0,1,5,0,4
"302",28147,0,1,0,0,2,0,1,0,3,3,"East",56531,52126,92,70614,1,2,1,4
"303",28196,1,1,1,0,2,1,1,1,7,2,"East",43650,0,0,52695,1,3,0,4
"304",28343,0,1,0,1,3,1,1,0,9,4,"North",35901,10571,29,0,1,2,1,2
"305",28395,1,0,0,0,4,0,0,0,5,8,"North",35757,0,0,75684,1,3,0,4
"306",28586,1,1,1,1,2,0,1,0,5,4,"North",19069,0,0,145002,0,1,0,4
"307",28703,1,0,1,1,1,1,0,1,8,6,"South",65158,1887,3,10646,1,4,1,3
"308",28768,0,1,0,0,3,0,1,0,5,2,"West",87518,25530,29,10876,0,2,1,3
"309",28777,1,1,1,0,1,1,1,1,5,8,"South",32809,0,0,41529,0,2,0,1
"310",28779,0,1,0,0,3,0,0,0,3,4,"East",7753,0,0,35690,0,1,0,2
"311",28910,0,1,1,1,4,1,1,0,9,7,"East",0,0,0,134265,0,0,0,2
"312",28924,0,1,0,0,2,0,1,0,7,8,"North",28648,0,0,6494,0,1,0,3
"313",28932,2,1,1,0,1,0,0,0,4,3,"North",0,0,0,91183,0,0,0,4
"314",28935,1,1,1,1,3,0,1,0,8,5,"North",107540,22273,21,114780,1,5,1,5
"315",28951,1,1,1,1,2,0,1,0,8,8,"West",41809,0,0,12424,0,2,0,3
"316",29038,1,0,1,0,1,1,0,1,8,3,"West",69168,14386,21,3539,1,2,1,3
"317",29103,1,1,1,1,2,1,1,1,7,9,"South",64202,9967,16,29985,1,4,1,4
"318",29106,1,0,1,0,1,1,0,1,7,4,"West",156080,23295,15,25628,1,8,2,5
"319",29156,1,3,1,1,3,1,1,1,4,7,"South",912,912,100,57293,0,1,1,2
"320",29257,1,0,1,1,3,0,0,0,10,5,"North",24473,14599,60,61521,0,3,1,4
"321",29281,1,0,1,0,5,1,0,1,3,3,"West",94008,3288,3,0,1,3,1,3
"322",29311,1,1,1,0,0,1,1,1,6,7,"North",51804,0,0,65655,1,4,0,3
"323",29594,1,0,0,0,2,0,0,0,2,4,"South",40489,25403,63,62349,1,2,1,4
"324",29752,0,1,0,1,4,1,1,0,5,5,"South",91542,0,0,45822,1,4,0,5
"325",29769,1,0,1,0,0,1,0,1,5,4,"East",17742,4500,25,7054,1,6,2,5
"326",29798,1,0,1,0,4,1,0,1,7,8,"East",88057,14146,16,117166,1,5,2,4
"327",29943,1,1,1,0,2,1,1,1,4,6,"South",13536,0,0,46346,0,1,0,1
"328",29954,0,0,2,0,0,0,0,0,2,5,"West",49117,6492,13,87974,1,4,1,6
"329",29962,0,1,0,1,0,1,0,0,9,6,"North",256487,100500,39,17840,1,6,2,5
"330",29987,0,1,0,0,2,0,0,0,7,7,"West",34252,5131,15,83338,0,5,1,3
"331",30322,1,1,1,1,1,1,1,1,2,3,"North",42680,0,0,127787,1,4,0,4
"332",30344,0,1,0,0,3,0,0,0,1,5,"North",125795,19994,16,133050,1,6,2,5
"333",30352,1,0,1,0,5,1,0,1,8,6,"East",15615,0,0,3524,0,2,0,2
"334",30436,1,1,1,0,2,1,1,1,4,4,"North",41220,10133,25,77002,1,3,1,4
"335",30447,1,1,1,1,3,1,1,1,2,6,"West",14947,0,0,94493,0,1,0,4
"336",30458,1,0,0,0,0,0,0,0,1,5,"East",14947,9748,65,23035,0,2,1,2
"337",30537,2,1,2,1,2,0,1,0,9,2,"North",118057,31876,27,68456,1,5,1,4
"338",30545,2,2,0,0,0,0,0,0,6,9,"West",32597,0,0,62996,0,2,0,2
"339",30635,1,0,1,1,2,0,0,0,3,7,"East",190402,15538,8,144658,1,6,1,5
"340",30668,0,1,0,1,3,0,0,0,7,3,"North",89519,16145,18,55390,0,3,1,4
"341",30796,0,2,0,0,4,0,0,0,3,4,"North",144272,58683,41,28366,1,3,1,5
"342",30992,1,0,1,0,2,1,0,1,3,5,"East",6295,0,0,66964,1,2,0,4
"343",31069,1,1,1,0,3,1,1,1,5,5,"North",125358,0,0,34462,1,3,0,3
"344",31077,1,1,1,1,4,1,1,1,8,5,"North",52943,0,0,22606,0,2,0,3
"345",31243,0,1,0,0,3,0,0,0,3,3,"East",34354,0,0,55332,0,1,0,4
"346",31257,1,1,1,1,0,1,0,0,7,7,"North",109357,15969,15,156458,1,3,1,4
"347",31338,0,1,0,1,1,1,0,0,5,8,"West",25435,0,0,19269,1,2,0,2
"348",31341,0,1,0,0,5,0,1,0,3,5,"East",148339,11024,7,84501,1,6,1,4
"349",31352,1,0,0,0,1,0,0,0,1,4,"East",62230,4996,8,126760,1,3,1,4
"350",31385,1,0,0,0,2,0,0,0,7,9,"North",63255,0,0,58025,1,2,0,2
"351",31546,0,1,0,1,4,1,1,0,7,3,"North",26506,0,0,131644,0,1,0,4
"352",31556,0,1,0,0,3,0,0,0,8,7,"North",59800,33299,56,78606,1,2,1,3
"353",31559,1,1,1,1,3,1,1,1,8,8,"East",5024,5024,100,61365,1,1,1,4
"354",31584,0,1,0,0,4,0,1,0,5,9,"East",53137,16113,30,206695,0,3,1,5
"355",31674,1,1,1,0,3,1,1,1,6,6,"West",38876,0,0,37944,1,2,0,2
"356",31717,0,1,0,1,2,1,1,0,4,6,"East",61995,0,0,0,0,2,0,2
"357",31742,1,0,0,0,4,0,0,0,3,3,"West",0,0,0,63285,0,0,0,3
"358",31845,0,1,0,0,3,0,1,0,3,4,"East",76133,18952,25,57646,0,2,1,4
"359",31859,1,1,1,0,5,1,1,1,4,6,"North",88832,85868,97,32179,0,2,2,3
"360",31884,1,1,1,1,2,1,1,1,5,2,"West",100906,48176,48,75305,1,4,2,4
"361",31892,1,1,1,1,1,1,1,1,0,8,"East",7196,7196,100,110884,0,1,1,3
"362",32044,0,1,0,0,5,0,0,0,5,5,"East",97423,0,0,11428,1,3,0,2
"363",32058,0,1,0,0,0,0,1,0,6,3,"South",91928,14860,16,111647,1,4,1,4
"364",32090,0,2,0,0,2,0,0,0,3,2,"East",0,0,0,84067,0,0,0,1
"365",32140,0,2,0,0,5,0,0,0,1,2,"North",9864,0,0,29797,0,1,0,3
"366",32205,0,1,0,0,3,0,1,0,8,5,"North",60834,0,0,83668,1,2,0,5
"367",32252,0,1,0,0,0,0,1,0,0,5,"West",57720,0,0,17827,1,3,0,3
"368",32295,1,1,0,0,5,0,0,0,2,4,"South",54651,0,0,168690,1,2,0,4
"369",32379,1,1,1,1,4,1,1,1,4,6,"West",79439,0,0,31578,1,4,0,4
"370",32390,1,0,0,1,4,1,0,0,1,6,"West",90254,0,0,50908,1,3,0,4
"371",32469,2,1,2,1,3,1,1,0,2,8,"North",34228,0,0,55238,1,2,0,3
"372",32478,1,1,1,0,2,1,1,1,2,2,"North",60072,60072,100,96817,1,2,2,4
"373",32486,1,1,1,0,3,1,1,1,6,3,"East",51080,0,0,0,1,2,0,3
"374",32554,0,1,0,0,2,0,1,0,4,7,"South",84421,53508,63,0,0,1,1,2
"375",32598,0,1,0,1,3,1,0,0,1,6,"North",14976,0,0,39996,0,1,0,3
"376",32622,2,1,2,1,4,0,1,0,9,5,"North",19574,0,0,57761,0,1,0,4
"377",32897,0,1,0,0,5,0,0,0,5,7,"East",0,0,0,15202,0,0,0,3
"378",32955,0,1,0,0,2,0,0,0,4,8,"East",2093,0,0,45398,0,1,0,4
"379",33001,2,0,2,1,0,0,0,0,6,4,"South",18244,0,0,28997,1,1,0,1
"380",33072,0,1,0,0,3,0,1,0,2,4,"South",8333,8333,100,30608,0,1,1,1
"381",33094,1,1,1,1,4,1,1,1,6,4,"West",49335,0,0,188931,1,2,0,5
"382",33099,0,1,0,1,3,1,0,0,7,7,"West",31430,31430,100,86419,0,2,2,4
"383",33157,0,1,0,0,5,1,1,0,3,4,"West",9900,0,0,96918,1,1,0,4
"384",33162,1,0,1,0,1,1,0,1,0,9,"North",0,0,0,119748,0,0,0,3
"385",33304,0,1,0,0,3,0,0,0,5,8,"South",6901,852,12,66106,0,1,1,3
"386",33317,1,0,0,0,0,0,0,0,2,3,"West",14657,0,0,38079,0,1,0,1
"387",33500,1,1,1,1,1,0,1,0,1,6,"South",48689,31152,64,120923,0,3,2,4
"388",33508,0,1,0,0,2,0,0,0,7,8,"South",12106,0,0,58934,0,2,0,5
"389",33661,1,1,1,1,4,1,1,1,8,8,"East",0,0,0,113580,0,0,0,4
"390",33674,1,0,0,0,0,0,0,0,7,6,"West",88933,0,0,26552,0,4,0,3
"391",33679,0,4,0,0,0,0,0,0,1,5,"West",60849,0,0,28787,0,2,0,2
"392",33777,1,1,1,0,4,1,1,1,7,2,"West",111119,22312,20,106440,1,4,2,3
"393",33802,1,1,1,0,3,1,1,1,3,4,"West",110525,0,0,127766,0,4,0,4
"394",33906,1,0,1,0,3,1,0,1,2,3,"West",16565,3200,19,15913,1,3,1,5
"395",33952,1,0,1,0,4,1,0,1,4,3,"South",20988,0,0,74076,1,2,0,3
"396",34023,2,1,0,1,1,0,1,0,8,5,"North",60766,60766,100,60650,0,2,2,3
"397",34064,1,0,1,1,1,1,0,1,9,4,"West",18944,148,1,10154,0,2,1,3
"398",34162,1,0,0,1,4,0,0,0,6,6,"North",10361,10361,100,84915,0,1,1,4
"399",34186,1,1,1,0,1,1,1,1,0,6,"East",16862,0,0,12627,1,2,0,3
"400",34209,1,0,1,1,3,1,0,1,8,4,"North",89873,0,0,11809,0,2,0,2
"401",34230,2,0,2,1,1,1,0,0,0,7,"North",0,0,0,7852,0,0,0,1
"402",34238,1,1,1,1,3,1,1,1,3,5,"North",296808,140500,47,33907,0,3,1,4
"403",34345,1,0,1,0,1,1,0,1,2,4,"West",59959,25395,42,190844,0,3,1,3
"404",34367,1,1,0,1,3,1,1,0,1,3,"South",136818,65740,48,24051,0,3,1,4
"405",34389,1,1,1,0,3,1,1,1,3,6,"South",35250,35250,100,13406,1,1,1,2
"406",34481,0,2,0,1,1,1,0,0,7,5,"East",13453,0,0,57278,0,2,0,3
"407",34519,0,1,0,0,5,0,1,0,5,5,"North",60076,45350,75,65041,0,2,2,4
"408",34680,1,0,1,1,3,1,0,1,8,6,"South",85922,22503,26,106258,0,2,1,5
"409",34702,0,0,1,0,2,1,0,0,6,4,"North",129287,59539,46,113387,1,3,1,4
"410",34713,0,1,0,0,5,0,0,0,7,4,"West",0,0,0,38074,0,0,0,3
"411",34737,1,1,1,1,2,1,1,1,3,4,"North",140349,0,0,0,1,4,0,5
"412",34759,1,0,1,1,3,1,0,1,6,4,"North",0,0,0,82550,0,0,0,3
"413",34829,0,1,0,0,4,0,0,0,2,2,"East",0,0,0,24256,0,0,0,1
"414",34851,0,1,0,1,3,1,1,0,1,9,"West",136968,19146,14,204403,1,5,1,6
"415",34887,1,1,1,1,3,1,1,1,1,6,"West",133648,70000,52,10037,1,3,1,3
"416",35077,1,0,1,1,1,0,0,0,0,8,"West",10344,6086,59,71135,0,2,1,3
"417",35197,1,0,1,0,5,1,0,1,7,6,"North",6341,0,0,50783,0,1,0,3
"418",35244,1,0,0,1,2,0,0,0,1,9,"North",114507,86885,76,12437,1,5,4,4
"419",35372,0,1,0,1,3,1,1,0,6,7,"East",81542,28421,35,1473,1,5,1,5
"420",35429,0,1,0,1,4,1,0,0,9,8,"North",6108,0,0,41258,0,1,0,2
"421",35443,0,1,0,0,3,0,0,0,1,2,"East",53615,0,0,76592,0,1,0,2
"422",35465,0,1,0,0,3,0,1,0,2,3,"South",80689,0,0,21758,1,4,0,2
"423",35532,0,1,0,0,5,0,0,0,5,4,"North",66407,0,0,34161,1,2,0,3
"424",35732,1,1,1,1,0,1,1,1,6,7,"South",0,0,0,0,0,0,0,0
"425",35890,1,0,1,0,2,1,0,1,4,2,"East",46466,0,0,41149,1,3,0,4
"426",35988,0,1,0,0,5,0,1,0,5,5,"North",28929,0,0,71981,0,1,0,3
"427",36010,1,1,1,0,3,1,1,1,3,5,"North",26427,0,0,25864,0,2,0,3
"428",36135,1,1,1,1,2,0,1,0,6,7,"South",35036,12820,37,7839,0,2,1,3
"429",36138,0,1,0,0,0,0,0,0,5,7,"East",0,0,0,66234,0,0,0,2
"430",36238,0,1,0,0,3,0,1,0,6,5,"West",125102,23847,19,54393,1,3,2,4
"431",36285,1,0,1,0,4,1,0,1,0,4,"West",45584,6110,13,88181,1,3,1,5
"432",36306,1,0,0,1,0,0,0,0,6,4,"West",24189,0,0,60652,0,2,0,4
"433",36321,0,1,0,0,1,0,0,0,3,2,"East",11412,6000,53,9044,1,3,1,3
"434",36356,1,1,1,1,1,1,1,1,10,5,"South",16344,0,0,11965,0,2,0,3
"435",36435,1,1,1,1,3,1,1,1,3,4,"South",20504,0,0,23341,1,1,0,3
"436",36475,0,1,0,0,4,0,1,0,7,7,"East",35051,0,0,21128,1,1,0,2
"437",36486,1,0,1,1,5,1,0,1,4,6,"East",73832,12254,17,44064,1,3,1,4
"438",36527,1,0,2,1,5,0,0,0,3,4,"East",105329,100730,96,50700,1,3,2,4
"439",36645,0,1,1,1,4,1,1,0,9,7,"West",68772,0,0,13543,1,3,0,3
"440",36781,1,0,1,0,3,1,0,1,7,6,"West",0,0,0,110167,0,0,0,4
"441",36830,1,1,0,1,0,1,1,0,10,6,"West",47438,11434,24,13937,1,4,1,5
"442",36852,2,0,0,1,5,1,0,0,6,8,"East",0,0,0,6138,0,0,0,1
"443",36944,1,0,0,0,3,0,0,0,0,4,"East",59735,20052,34,36848,1,3,1,4
"444",36980,0,1,0,0,3,0,0,0,0,7,"North",79960,11225,14,127512,1,4,1,4
"445",37027,1,1,0,1,3,1,1,0,4,9,"West",75577,0,0,53583,0,3,0,3
"446",37141,0,1,0,1,5,1,0,0,7,8,"West",72796,36326,50,60580,1,4,1,4
"447",37299,1,1,1,1,2,0,1,0,9,8,"North",63164,25833,41,113026,0,3,1,3
"448",37348,1,1,1,1,4,1,1,1,2,6,"West",56304,0,0,100685,0,2,0,3
"449",37373,1,1,1,1,2,0,1,0,4,3,"West",1299,1299,100,153036,0,1,1,4
"450",37378,1,1,1,1,4,0,1,0,3,2,"South",54534,21383,39,48772,1,3,1,5
"451",37476,0,2,0,0,1,0,0,0,6,8,"East",91412,0,0,41106,1,2,0,1
"452",37522,1,0,1,0,1,1,0,1,4,5,"North",0,0,0,105308,0,0,0,3
"453",37722,1,1,1,0,2,1,1,1,8,8,"East",87667,14704,17,48353,1,2,1,5
"454",37754,1,1,1,0,4,1,1,1,7,3,"South",46233,0,0,21263,1,2,0,3
"455",37833,1,1,1,1,1,1,1,1,9,7,"West",279801,145000,52,102142,1,2,1,4
"456",37928,0,1,0,0,1,0,0,0,8,5,"South",0,0,0,15094,0,0,0,1
"457",38021,0,1,0,1,2,1,0,0,6,9,"West",68700,0,0,42751,1,4,0,2
"458",38193,1,1,1,0,2,1,1,1,4,6,"East",47182,0,0,69635,0,3,0,5
"459",38206,1,0,1,0,2,1,0,1,8,3,"East",11569,0,0,56440,0,1,0,2
"460",38342,1,1,1,0,5,1,1,1,4,6,"West",59313,0,0,19342,0,3,0,3
"461",38425,1,1,1,0,0,1,1,1,4,5,"East",82077,35218,43,25458,1,2,1,5
"462",38465,1,1,1,0,2,1,1,1,8,8,"East",42929,22579,53,8630,1,3,1,4
"463",38517,1,0,1,1,3,1,0,1,2,5,"East",80729,31187,39,16628,1,3,1,3
"464",38605,1,0,1,0,2,1,0,1,2,5,"West",57922,0,0,26998,1,3,0,3
"465",38609,0,1,0,1,4,1,0,0,10,9,"East",85307,22625,27,36938,1,4,1,4
"466",38640,1,0,1,0,5,1,0,1,8,6,"West",89258,0,0,101985,1,3,0,5
"467",38765,1,1,1,0,2,1,1,1,3,3,"East",92910,0,0,86079,1,2,0,4
"468",38792,1,1,1,0,3,1,1,1,3,8,"West",130580,22074,17,4618,1,5,1,6
"469",38874,1,1,1,0,4,1,1,1,5,8,"South",44691,22341,50,113193,1,4,1,5
"470",38885,1,0,1,0,5,1,0,1,6,8,"West",12511,0,0,77102,0,1,0,3
"471",38896,1,1,1,1,1,1,1,1,3,6,"South",3168,0,0,93575,1,1,0,3
"472",39084,1,0,1,1,4,1,0,1,8,2,"West",94793,20024,21,49967,1,4,1,3
"473",39095,0,1,0,0,2,0,1,0,2,3,"North",4235,0,0,63785,0,2,0,2
"474",39131,0,1,0,0,3,0,0,0,3,2,"North",63523,10667,17,88795,0,2,1,3
"475",39282,1,1,1,0,4,1,1,1,6,7,"East",6712,0,0,73393,0,2,0,5
"476",39301,0,1,0,0,0,0,1,0,2,3,"East",125933,17959,14,90168,1,5,2,5
"477",39405,1,0,2,1,4,0,0,0,0,4,"South",44875,0,0,27243,0,1,0,2
"478",39441,0,1,0,0,0,0,1,0,1,4,"East",0,0,0,38878,0,0,0,2
"479",39477,0,1,0,0,0,0,1,0,2,4,"East",49440,22782,46,56586,0,3,1,4
"480",39514,1,0,1,0,1,1,0,1,7,6,"West",145661,71093,49,66069,1,4,1,4
"481",39801,0,0,1,0,5,0,0,0,8,3,"West",21770,14850,68,100462,0,1,1,4
"482",39823,0,1,0,0,3,1,1,0,4,5,"West",31937,26156,82,109537,1,2,1,3
"483",39950,0,1,0,1,1,1,1,0,0,7,"West",84189,23687,28,83984,1,4,1,5
"484",39994,1,1,1,0,2,1,1,1,3,5,"East",0,0,0,95097,0,0,0,3
"485",39996,1,1,1,0,2,1,1,1,4,2,"West",68204,58653,86,22962,0,1,1,3
"486",40002,0,1,0,0,4,1,1,0,5,3,"South",40544,2754,7,0,1,3,1,2
"487",40155,0,1,0,0,0,1,1,0,3,6,"West",26849,0,0,125089,0,2,0,6
"488",40180,1,0,0,0,3,0,0,0,3,4,"South",10724,48,0,33867,0,2,1,4
"489",40182,0,1,0,0,5,0,1,0,1,5,"North",0,0,0,109462,0,0,0,5
"490",40274,0,1,0,0,5,0,1,0,6,2,"East",75180,40734,54,75001,0,4,2,4
"491",40283,1,0,0,0,1,0,0,0,4,5,"East",122409,61138,50,54140,1,4,2,4
"492",40346,0,1,0,0,3,0,1,0,7,3,"North",80837,2497,3,15215,1,5,1,3
"493",40482,0,1,0,0,3,0,1,0,7,5,"South",40212,19733,49,15523,1,2,1,3
"494",40493,1,0,0,0,4,0,0,0,2,3,"East",32121,0,0,3320,0,2,0,2
"495",40741,1,1,1,1,4,0,1,0,10,5,"South",61626,0,0,106391,1,2,0,4
"496",40828,1,0,1,1,2,1,0,1,3,3,"South",108617,0,0,70652,1,4,0,3
"497",40886,2,1,0,1,4,1,1,0,7,5,"South",33144,0,0,15034,0,2,0,3
"498",40915,2,0,3,1,2,1,0,0,5,5,"East",44114,0,0,34246,0,3,0,5
"499",40989,0,1,0,0,4,0,1,0,4,3,"South",54217,18234,34,0,0,3,1,3
"500",41060,2,0,0,1,2,0,0,0,8,7,"West",145938,20822,14,14362,0,4,1,3
"501",41063,1,1,2,1,3,0,1,0,3,7,"South",55103,55103,100,133318,1,1,1,2
"502",41071,0,1,0,0,4,0,1,0,1,3,"West",39477,28630,73,30817,0,2,1,5
"503",41106,0,1,0,0,4,0,0,0,2,5,"North",40661,0,0,4666,0,2,0,3
"504",41188,1,0,1,0,1,1,0,1,5,7,"South",13010,0,0,25561,0,1,0,2
"505",41242,0,1,0,0,2,0,0,0,5,9,"North",96341,0,0,21983,1,4,0,3
"506",41335,1,0,1,0,3,1,0,1,2,4,"South",1248,0,0,154488,0,1,0,4
"507",41348,1,1,1,0,3,1,1,1,4,8,"North",56247,0,0,46205,1,4,0,3
"508",41392,1,0,1,0,2,1,0,1,3,9,"East",12911,0,0,56892,1,2,0,4
"509",41447,2,0,0,0,1,0,0,0,3,4,"East",54329,0,0,201324,0,2,0,5
"510",41520,1,0,1,0,5,1,0,1,8,8,"West",106427,22137,21,31426,1,3,1,4
"511",41607,1,1,1,0,3,1,1,1,7,6,"South",26318,0,0,119069,0,1,0,4
"512",41755,1,0,0,0,4,0,0,0,4,3,"East",56372,0,0,132032,1,2,0,5
"513",41869,0,1,1,1,4,0,1,0,2,9,"East",5233,0,0,176784,0,1,0,5
"514",41929,0,2,0,1,2,1,0,0,10,6,"East",40169,40169,100,45977,0,2,2,3
"515",42032,0,0,2,1,5,0,0,0,6,4,"South",6555,0,0,2553,0,2,0,3
"516",42041,1,0,1,1,4,1,0,1,9,6,"East",5788,0,0,35641,0,1,0,3
"517",42076,0,1,0,0,3,0,1,0,3,6,"South",81684,10470,13,116075,0,4,1,5
"518",42087,1,1,1,0,0,1,1,1,3,6,"West",41455,0,0,80539,1,2,0,3
"519",42126,1,1,0,1,3,1,1,0,2,8,"North",4910,0,0,0,0,1,0,1
"520",42272,1,1,1,0,5,1,1,1,1,7,"West",137584,0,0,57974,1,4,0,4
"521",42299,1,0,1,0,5,1,0,1,5,4,"East",35144,0,0,126144,0,1,0,5
"522",42308,0,1,0,0,3,0,1,0,4,7,"West",0,0,0,113437,0,0,0,3
"523",42444,1,0,1,1,1,1,0,1,6,4,"South",74764,9033,12,82007,1,2,1,3
"524",42599,1,0,1,1,2,1,0,1,5,8,"West",0,0,0,64645,0,0,0,3
"525",42629,2,0,0,0,3,0,0,0,4,7,"East",50751,0,0,12463,1,2,0,3
"526",42646,2,1,3,1,5,1,1,0,7,8,"South",9196,0,0,25332,1,1,0,2
"527",42649,1,0,1,0,3,1,0,1,2,2,"West",24463,0,0,52158,0,1,0,2
"528",42665,1,0,1,1,4,1,0,1,6,5,"North",0,0,0,74176,0,0,0,2
"529",42673,0,1,0,0,0,0,1,0,5,6,"West",38482,0,0,31784,0,3,0,3
"530",42681,1,1,2,1,4,1,1,0,10,7,"North",67840,0,0,122903,0,3,0,3
"531",42782,0,1,0,0,4,0,0,0,3,4,"West",67171,43175,64,65093,0,3,2,2
"532",42804,1,0,1,0,3,1,0,1,2,3,"South",16615,3000,18,55051,1,5,1,3
"533",42807,1,0,1,1,3,1,0,1,9,5,"North",66076,0,0,84784,0,4,0,3
"534",42815,1,1,1,1,3,1,1,1,8,6,"East",29863,2575,9,0,1,4,1,2
"535",42918,0,2,0,0,1,0,0,0,8,6,"West",62957,29459,47,155995,0,4,1,5
"536",42975,1,1,1,0,2,1,1,1,2,3,"East",35879,13223,37,189285,0,2,1,4
"537",43117,0,1,0,1,1,1,1,0,1,8,"West",35238,0,0,11023,0,3,0,3
"538",43128,0,1,0,0,1,0,1,0,1,7,"North",66451,0,0,1398,0,4,0,3
"539",43150,0,1,0,0,2,0,0,0,2,4,"North",99368,29495,30,0,0,4,1,3
"540",43178,0,1,0,0,2,0,1,0,5,4,"North",47807,16418,34,75945,1,3,1,4
"541",43264,1,1,1,0,4,1,1,1,5,4,"North",34964,0,0,94012,1,1,0,3
"542",43357,1,0,1,0,2,1,0,1,7,7,"North",43373,0,0,72733,1,2,0,3
"543",43507,1,1,1,0,3,1,1,1,5,6,"South",71634,0,0,108796,0,2,0,4
"544",43521,1,1,1,1,3,0,1,0,5,7,"East",26128,0,0,154192,1,2,0,3
"545",43529,1,0,1,0,2,1,0,1,0,6,"South",122310,0,0,81749,0,5,0,4
"546",43539,0,1,0,0,0,0,0,0,3,7,"South",61584,319,1,80352,1,4,1,3
"547",43564,1,2,1,1,4,1,0,1,2,7,"South",64328,27500,43,76303,0,3,1,2
"548",43682,1,1,1,0,1,1,1,1,2,2,"North",20467,0,0,52958,0,1,0,4
"549",43856,1,1,1,0,4,1,1,1,3,4,"South",160459,43759,27,75987,0,4,1,5
"550",43970,1,0,1,0,4,1,0,1,4,8,"West",51875,10338,20,53497,0,3,1,4
"551",44008,1,1,1,0,2,1,1,1,4,6,"South",39526,30210,76,70606,1,3,2,5
"552",44183,1,0,1,0,3,1,0,1,1,7,"East",55016,0,0,95805,1,3,0,4
"553",44232,1,1,1,1,1,1,1,1,2,5,"East",78526,45000,57,41933,0,2,1,3
"554",44327,1,1,1,1,1,1,1,1,8,9,"North",16130,0,0,21494,0,1,0,4
"555",44425,0,1,0,0,1,0,1,0,2,6,"East",54969,0,0,148257,1,5,0,5
"556",44573,1,1,1,0,3,1,1,1,5,2,"North",13219,0,0,40808,1,1,0,3
"557",44597,0,1,0,0,3,0,1,0,4,5,"West",32345,24553,76,33615,1,3,1,5
"558",44676,0,1,0,0,2,0,1,0,3,8,"West",29291,26875,92,139770,1,2,1,5
"559",44744,1,1,1,1,3,1,1,1,2,9,"North",37674,0,0,0,0,1,0,1
"560",44804,1,1,1,0,4,1,1,1,2,5,"West",22497,8366,37,24605,1,2,1,3
"561",44872,1,1,1,1,3,1,1,1,1,4,"West",22223,14231,64,73415,1,2,1,4
"562",44935,0,1,0,0,3,0,1,0,2,2,"South",71650,0,0,43942,1,3,0,4
"563",45113,0,1,0,0,2,0,1,0,6,9,"South",167013,45740,27,10134,1,6,1,4
"564",45115,0,1,0,0,4,0,0,0,5,3,"North",0,0,0,12023,0,0,0,1
"565",45450,0,1,0,1,3,1,0,0,7,7,"South",71630,39909,56,91783,1,2,1,3
"566",45592,0,1,0,0,1,0,1,0,2,3,"South",67046,0,0,0,1,4,0,2
"567",45627,1,1,0,1,3,0,1,0,7,7,"North",32855,2507,8,80701,0,3,1,3
"568",45660,2,1,2,1,4,0,1,0,8,6,"North",45885,0,0,109878,1,4,0,4
"569",45728,0,1,0,0,3,0,0,0,4,4,"South",5873,0,0,56269,0,1,0,3
"570",45935,1,0,0,1,5,0,0,0,8,4,"North",60623,22953,38,156212,1,3,2,4
"571",45989,1,1,1,0,4,1,1,1,6,2,"West",86842,3306,4,0,1,3,1,3
"572",46143,1,1,1,1,1,1,1,1,1,4,"East",73012,0,0,125619,0,3,0,4
"573",46159,0,1,0,0,5,0,1,0,7,6,"West",1299,0,0,78565,1,1,0,4
"574",46167,1,0,1,1,5,0,0,0,5,5,"West",59356,0,0,0,0,3,0,2
"575",46183,0,1,0,0,3,0,0,0,0,3,"North",10775,0,0,62752,0,1,0,4
"576",46270,1,0,0,0,1,0,0,0,5,7,"South",69274,40001,58,78234,1,4,1,4
"577",46355,1,0,2,1,3,1,0,0,2,6,"West",34123,14893,44,53457,0,2,1,4
"578",46357,1,0,1,0,3,1,0,1,0,8,"North",0,0,0,57045,0,0,0,2
"579",46644,0,1,0,0,1,0,1,0,7,5,"South",91475,7509,8,57966,1,5,1,4
"580",46682,1,1,1,1,3,1,1,1,8,3,"East",63670,0,0,49645,1,3,0,3
"581",46862,0,1,0,0,2,0,1,0,3,4,"South",92387,20724,22,52603,1,5,2,4
"582",46864,0,1,0,1,2,1,0,0,1,3,"North",64822,14412,22,37323,0,2,1,3
"583",46889,0,2,0,0,0,0,1,0,7,8,"East",1605,1605,100,44504,0,1,1,2
"584",47175,1,0,1,0,4,1,0,1,3,8,"North",78562,14395,18,33266,1,4,1,4
"585",47262,1,1,1,1,4,1,1,1,4,2,"West",50805,0,0,85648,1,2,0,5
"586",47426,1,0,1,0,3,1,0,1,2,5,"South",0,0,0,79634,0,0,0,3
"587",47521,1,1,1,1,3,1,1,1,10,8,"West",13693,0,0,21984,0,1,0,3
"588",47532,1,0,1,0,3,1,0,1,8,5,"East",1777,1777,100,27627,0,2,2,3
"589",47568,0,1,0,0,5,0,0,0,1,8,"East",42369,0,0,28509,1,3,0,4
"590",47745,1,0,1,1,1,1,0,1,1,5,"South",0,0,0,231463,0,0,0,4
"591",47878,0,1,0,0,4,0,0,0,1,2,"East",77417,34306,44,106384,1,4,2,4
"592",47900,0,1,0,0,1,0,1,0,3,4,"South",78826,50894,65,52882,1,4,3,4
"593",47911,1,0,1,1,3,1,0,1,8,4,"South",2783,0,0,154688,1,1,0,3
"594",47922,0,1,0,0,4,0,0,0,7,8,"North",24356,0,0,54578,0,2,0,3
"595",48104,2,1,2,1,0,1,1,0,6,8,"East",46240,9201,20,156548,1,4,1,5
"596",48124,1,0,1,1,4,1,0,1,3,3,"East",48350,0,0,73822,1,2,0,4
"597",48216,1,1,1,1,4,1,1,1,5,5,"South",127880,44814,35,42961,1,2,1,3
"598",48423,0,1,0,0,0,0,1,0,7,3,"West",69611,0,0,126390,1,3,0,4
"599",48617,1,1,1,0,4,1,1,1,6,3,"South",40486,24337,60,96925,1,2,1,4
"600",48622,0,1,0,0,3,0,1,0,6,6,"East",45715,0,0,117331,0,2,0,4
"601",48647,0,1,0,0,3,0,1,0,4,8,"South",8544,8544,100,66583,0,1,1,3
"602",48805,0,1,0,0,3,0,0,0,2,5,"North",141835,38438,27,78664,1,6,1,4
"603",48919,0,1,0,1,3,1,0,0,3,6,"North",176494,52649,30,47174,0,5,1,4
"604",48979,0,1,0,1,3,1,1,0,2,5,"North",78380,35728,46,144388,1,2,1,4
"605",49088,0,1,0,0,2,0,1,0,5,4,"South",41768,15978,38,65401,0,3,2,5
"606",49162,0,1,0,0,1,0,1,0,8,6,"West",39995,0,0,119622,1,1,0,3
"607",49265,0,1,0,0,0,0,1,0,6,8,"East",23605,0,0,25046,1,2,0,3
"608",49290,0,1,0,1,4,1,1,0,9,9,"West",126508,23942,19,40221,0,6,2,4
"609",49309,0,1,0,0,4,0,0,0,2,7,"East",36065,36065,100,160577,0,3,3,3
"610",49451,0,1,0,1,4,1,1,0,3,6,"South",15367,0,0,161770,0,2,0,4
"611",49570,1,0,1,0,4,1,0,1,4,7,"South",1058,1058,100,79926,0,1,1,3
"612",49636,1,0,0,0,4,0,0,0,7,9,"West",0,0,0,8231,0,0,0,2
"613",49644,1,1,1,1,2,1,1,1,3,9,"East",18298,0,0,72777,1,1,0,2
"614",49772,1,0,0,0,3,0,0,0,3,2,"North",7770,0,0,130513,0,1,0,4
"615",49819,0,0,1,0,3,0,0,0,4,4,"North",27555,0,0,110082,1,2,0,2
"616",49870,1,1,1,1,5,0,1,0,3,3,"North",38567,20000,52,1550,1,6,2,4
"617",49884,1,0,1,1,4,0,0,0,5,5,"North",46197,0,0,108615,1,4,0,5
"618",49890,0,0,1,0,5,0,0,0,0,5,"East",31840,12550,39,0,0,2,1,2
"619",49969,1,0,1,1,1,1,0,1,6,9,"North",142357,0,0,82150,1,4,0,4
"620",49982,1,1,1,0,1,1,1,1,2,7,"East",120881,55635,46,101000,1,4,1,4
"621",50129,1,0,1,0,3,1,0,1,8,9,"East",77880,0,0,0,1,4,0,4
"622",50168,0,1,0,1,0,1,1,0,9,3,"North",43947,15219,35,99695,1,2,1,4
"623",50192,0,1,0,0,0,0,1,0,2,2,"East",20250,2013,10,64531,1,2,1,3
"624",50197,0,1,0,0,2,1,0,0,8,6,"West",23994,0,0,64379,1,2,0,4
"625",50200,0,1,0,0,1,1,1,0,0,6,"East",79678,0,0,35740,1,3,0,4
"626",50304,1,1,1,1,0,0,1,0,2,6,"North",94184,15771,17,11559,0,3,1,5
"627",50380,0,1,0,0,2,1,1,0,1,2,"North",53384,0,0,199131,0,1,0,4
"628",50405,2,0,3,1,4,0,0,0,5,5,"North",80627,7818,10,60970,1,3,1,3
"629",50429,1,1,1,0,1,1,1,1,3,3,"South",89591,0,0,53337,0,4,0,5
"630",50514,0,1,0,0,5,0,1,0,5,6,"West",35195,0,0,62099,1,3,0,4
"631",50737,0,1,0,0,1,0,0,0,5,2,"East",95219,0,0,128277,1,3,0,5
"632",50882,1,0,1,0,3,1,0,1,6,8,"West",0,0,0,22691,0,0,0,1
"633",50915,1,1,0,1,5,0,1,0,6,9,"West",61749,19434,31,29741,0,3,1,5
"634",50920,1,1,1,1,1,1,1,0,7,4,"West",40611,22706,56,6679,1,3,1,2
"635",50950,0,1,0,0,4,0,0,0,6,6,"West",67451,0,0,0,1,4,0,3
"636",51066,1,1,1,0,1,1,1,1,3,6,"West",0,0,0,154,0,0,0,1
"637",51244,1,0,0,1,3,1,0,0,0,6,"West",57949,3259,6,25477,1,4,1,2
"638",51253,0,1,0,0,0,0,1,0,2,4,"East",0,0,0,30238,0,0,0,1
"639",51484,2,3,2,1,1,1,0,0,6,6,"West",14591,0,0,30604,1,1,0,2
"640",51555,0,1,0,1,2,1,1,0,1,8,"South",52142,0,0,73505,1,4,0,5
"641",51566,1,1,1,0,4,1,1,1,2,6,"South",45174,5104,11,55114,1,3,1,4
"642",51642,0,1,0,0,4,0,1,0,5,3,"North",0,0,0,58047,0,0,0,2
"643",51715,1,0,1,1,3,1,0,1,7,6,"East",50000,0,0,100085,1,1,0,4
"644",52061,1,0,1,1,1,1,0,1,1,9,"East",68241,0,0,92814,0,2,0,4
"645",52291,1,0,1,0,1,1,0,1,0,7,"North",56924,0,0,51865,0,2,0,3
"646",52318,1,0,0,1,2,1,0,0,7,5,"West",70218,6682,10,51758,0,2,1,5
"647",52407,0,1,0,0,2,0,0,0,3,8,"North",22496,17725,79,36920,1,2,1,3
"648",52429,0,1,0,0,2,0,1,0,1,5,"East",119068,33256,28,44420,0,3,1,4
"649",52495,1,2,1,0,0,0,1,0,8,7,"South",187971,34017,18,40239,1,4,1,5
"650",52640,0,1,0,0,5,0,1,0,2,3,"East",16179,12847,79,85655,0,4,2,3
"651",52653,1,1,1,0,3,1,1,1,5,6,"South",141097,0,0,18534,0,4,0,4
"652",52677,1,1,1,0,2,1,1,1,6,7,"North",88722,32331,36,50868,1,2,1,5
"653",52765,1,1,1,1,2,1,1,1,10,7,"South",72020,0,0,5106,0,3,0,2
"654",52824,1,0,1,0,5,1,0,1,5,5,"South",66352,29432,44,30413,0,2,1,3
"655",52852,1,1,1,0,1,1,1,1,0,7,"East",174112,27712,16,0,0,5,1,5
"656",52999,1,1,1,0,0,1,1,1,6,6,"North",11604,9605,83,39928,0,2,1,3
"657",53002,1,0,1,0,3,1,0,1,2,9,"North",8481,0,0,144371,1,1,0,4
"658",53190,1,0,0,1,3,1,0,0,9,9,"East",8166,0,0,21519,1,1,0,3
"659",53334,1,1,1,1,5,0,1,0,6,4,"North",117058,968,1,87761,0,4,1,4
"660",53413,4,2,0,1,2,0,0,0,7,8,"North",64694,0,0,18738,1,2,0,2
"661",53459,1,0,1,0,3,1,0,1,2,3,"North",39918,0,0,21462,0,2,0,2
"662",53552,2,1,0,1,3,0,1,0,9,4,"East",52105,7897,15,61286,0,3,1,5
"663",53553,1,1,1,0,1,1,1,1,7,8,"West",103588,0,0,31598,0,5,0,4
"664",53683,1,1,1,1,0,0,1,0,1,4,"West",10695,0,0,0,1,1,0,1
"665",53735,0,1,0,0,3,0,1,0,4,3,"West",86887,0,0,15138,1,2,0,3
"666",53759,1,0,1,0,4,1,0,1,1,6,"North",219171,56210,26,60953,1,7,2,5
"667",53760,1,0,1,0,3,1,0,1,1,4,"East",6829,0,0,25717,0,1,0,3
"668",53882,2,2,2,1,4,0,0,0,3,3,"West",47288,0,0,15954,1,1,0,2
"669",54027,0,1,0,0,5,0,1,0,2,9,"North",40854,37974,93,15473,0,2,1,3
"670",54056,2,1,2,1,4,0,1,0,3,7,"North",33585,0,0,15295,1,2,0,3
"671",54073,0,1,0,0,4,0,1,0,0,9,"South",36945,0,0,107832,0,1,0,4
"672",54106,0,1,0,0,5,0,1,0,5,3,"West",14817,0,0,109375,0,1,0,3
"673",54163,1,0,1,0,1,1,0,1,2,7,"South",102011,50645,50,0,1,3,1,3
"674",54174,1,0,1,0,2,1,0,1,5,4,"East",27114,0,0,39829,0,3,0,4
"675",54212,0,1,0,0,2,0,1,0,3,5,"North",71664,0,0,49358,1,3,0,5
"676",54223,1,1,1,1,2,1,1,1,2,9,"West",27295,27295,100,212958,0,2,2,3
"677",54253,0,1,0,0,2,0,0,0,4,6,"West",26586,14537,55,47221,0,3,1,4
"678",54373,0,1,0,1,2,1,1,0,9,7,"West",75301,19535,26,0,1,2,1,2
"679",54427,1,1,1,1,2,1,1,1,6,6,"South",57646,0,0,86117,1,2,0,2
"680",54580,1,0,1,1,3,1,0,1,1,6,"South",8458,0,0,59557,0,1,0,3
"681",54597,0,1,0,0,3,0,1,0,4,4,"South",9222,0,0,4779,0,1,0,2
"682",54605,1,1,1,1,2,1,1,1,9,5,"South",44578,17924,40,44555,1,3,2,4
"683",54708,0,1,0,0,4,0,1,0,1,4,"South",47787,19144,40,14388,1,3,1,3
"684",54765,1,1,1,1,0,1,1,1,3,3,"South",117844,16407,14,81587,1,5,1,5
"685",54868,1,0,1,0,2,1,0,1,2,6,"North",0,0,0,141169,0,0,0,4
"686",54947,1,0,0,1,2,1,0,0,4,5,"East",27387,0,0,62824,1,3,0,5
"687",54989,0,1,0,0,2,0,1,0,3,2,"South",11432,4500,39,153482,1,4,1,4
"688",55225,1,0,1,0,3,1,0,1,6,5,"South",163143,63073,39,134284,1,6,3,5
"689",55667,0,1,0,0,2,0,1,0,3,5,"North",103701,0,0,39562,1,4,0,3
"690",55814,0,1,0,0,4,0,1,0,2,5,"South",48080,0,0,40382,1,2,0,3
"691",56043,1,1,1,1,2,1,1,1,8,3,"East",89541,44500,50,49550,1,4,1,3
"692",56117,0,1,0,1,0,1,1,0,3,7,"West",48476,46780,97,74667,0,2,1,5
"693",56169,1,0,1,1,1,1,0,1,7,5,"North",20524,0,0,32582,0,2,0,3
"694",56316,1,1,1,0,3,1,1,1,8,5,"South",22048,0,0,56307,0,3,0,2
"695",56338,1,0,1,0,3,1,0,1,1,7,"South",20997,6059,29,98356,1,2,1,3
"696",56341,1,0,1,0,1,1,0,1,6,3,"South",0,0,0,73494,0,0,0,3
"697",56365,0,1,0,0,2,0,0,0,2,2,"South",57933,10127,17,58097,0,3,1,2
"698",56400,1,2,1,1,3,1,0,1,10,4,"East",9751,0,0,0,0,1,0,1
"699",56553,1,0,1,0,4,1,0,1,6,3,"South",47982,0,0,124760,0,2,0,4
"700",56724,1,0,1,1,4,1,0,1,8,4,"South",147475,0,0,63963,1,4,0,4
"701",56809,0,1,0,0,0,0,1,0,1,3,"South",0,0,0,82557,0,0,0,3
"702",56877,0,1,0,0,3,0,1,0,2,2,"West",107256,28614,27,0,0,4,1,4
"703",56880,1,0,1,1,2,1,0,1,1,5,"East",150776,45283,30,44154,1,6,2,5
"704",57041,1,1,0,1,1,1,1,0,4,8,"North",100216,15347,15,22193,0,4,2,4
"705",57055,0,1,0,1,2,1,1,0,10,8,"North",67626,0,0,97222,1,4,0,2
"706",57092,0,1,0,0,2,0,1,0,2,2,"North",99754,21227,21,21483,1,5,3,3
"707",57215,0,1,0,0,1,0,0,0,5,8,"West",0,0,0,18882,0,0,0,1
"708",57526,1,0,1,1,1,1,0,1,1,4,"South",0,0,0,71482,0,0,0,3
"709",57542,0,1,0,0,4,0,1,0,6,8,"North",74058,39654,54,75907,1,4,1,5
"710",57564,0,1,0,0,4,0,0,0,2,6,"South",70448,35793,51,132054,0,2,1,3
"711",57572,1,0,1,1,1,1,0,1,8,4,"West",2765,0,0,35624,0,1,0,1
"712",57588,1,1,1,0,4,1,1,1,3,3,"North",31070,0,0,44483,0,1,0,1
"713",57678,0,1,0,0,5,0,0,0,2,8,"East",67810,0,0,95221,1,1,0,3
"714",57714,0,1,0,0,4,0,1,0,8,6,"West",9815,8217,84,155029,1,2,1,4
"715",57728,0,1,0,1,0,1,1,0,1,7,"South",20869,4913,24,57648,1,2,1,3
"716",57746,0,1,0,0,2,0,1,0,3,7,"West",60859,0,0,4284,1,4,0,3
"717",57853,1,1,1,0,1,1,1,1,5,7,"East",58500,0,0,4973,0,3,0,3
"718",57921,1,0,1,0,2,1,0,1,1,4,"South",6383,6383,100,12416,0,1,1,2
"719",58082,1,1,1,1,1,1,1,1,2,8,"East",34037,34037,100,120509,0,1,1,3
"720",58106,0,1,0,0,3,0,1,0,5,6,"South",51574,0,0,18111,1,2,0,2
"721",58109,0,1,0,1,2,1,1,0,6,8,"North",49678,0,0,62652,1,2,0,3
"722",58117,1,0,1,0,2,1,0,1,6,6,"South",103822,18418,18,5758,1,3,1,5
"723",58281,1,0,1,0,4,1,0,1,4,3,"South",12419,12419,100,34477,0,1,1,3
"724",58298,1,1,1,1,2,0,1,0,3,9,"North",31689,0,0,27625,1,3,0,5
"725",58300,1,0,1,0,3,1,0,1,5,3,"East",2301,0,0,24567,0,1,0,2
"726",58319,1,0,2,1,1,0,0,0,5,7,"East",51673,0,0,21927,0,3,0,3
"727",58384,1,0,1,0,2,1,0,1,2,3,"West",39093,0,0,29567,1,3,0,4
"728",58463,0,1,1,1,4,1,1,0,3,7,"East",26461,6492,25,19052,1,3,1,3
"729",58466,1,0,1,1,5,0,0,0,3,3,"West",155435,77538,50,47386,1,4,2,3
"730",58485,1,0,1,0,3,1,0,1,5,5,"West",15552,9890,64,73191,0,1,1,4
"731",58624,1,1,1,1,1,1,1,1,2,5,"North",125603,2839,2,79311,0,5,1,3
"732",58766,1,0,0,0,2,0,0,0,8,6,"East",1443,1443,100,64310,0,1,1,2
"733",58804,1,0,0,0,5,0,0,0,0,5,"North",13530,10333,76,14571,0,2,1,4
"734",58810,1,1,1,0,1,1,1,1,5,5,"West",70341,15300,22,58617,0,3,1,3
"735",58850,1,1,1,0,5,1,1,1,6,7,"East",171642,8102,5,83647,1,5,1,5
"736",58951,1,0,0,0,5,0,0,0,2,2,"North",10503,0,0,29410,0,1,0,3
"737",58973,1,1,1,1,2,1,1,1,0,5,"West",68985,25230,37,0,1,4,2,2
"738",59332,0,2,0,0,1,0,0,0,2,6,"East",41175,0,0,100639,0,2,0,4
"739",59347,1,1,0,1,1,0,1,0,4,4,"North",1247,0,0,53141,1,1,0,3
"740",59524,1,0,1,1,3,1,0,1,9,5,"North",114236,0,0,81801,0,5,0,5
"741",59665,0,1,0,0,4,0,0,0,5,3,"East",87502,0,0,11462,1,5,0,4
"742",59965,0,1,0,0,5,0,0,0,4,4,"East",21138,0,0,72439,0,1,0,3
"743",60003,1,0,0,0,3,0,0,0,2,3,"East",42233,12766,30,8317,0,3,1,3
"744",60055,1,0,1,0,4,1,0,1,8,8,"North",31434,0,0,87242,0,2,0,5
"745",60068,0,1,0,0,1,0,1,0,8,4,"South",29586,19806,67,38253,0,2,1,3
"746",60164,0,1,0,1,1,1,1,0,8,5,"North",42786,0,0,39935,0,3,0,4
"747",60243,1,0,1,1,4,1,0,1,1,2,"East",160470,48195,30,89207,0,3,1,3
"748",60352,1,0,1,0,3,1,0,1,6,5,"East",79989,19365,24,111754,1,3,1,5
"749",60382,1,0,0,1,3,0,0,0,7,6,"South",62910,0,0,81846,1,3,0,5
"750",60499,0,0,2,1,2,1,0,0,4,7,"East",39811,0,0,71619,1,3,0,4
"751",60524,0,1,0,0,1,0,0,0,7,5,"West",0,0,0,9549,0,0,0,1
"752",60553,0,1,0,0,4,0,1,0,3,4,"West",5171,0,0,88354,0,1,0,3
"753",60788,2,1,2,1,2,1,1,0,8,8,"West",49816,0,0,53773,1,2,0,4
"754",60796,1,0,0,0,4,0,0,0,4,6,"South",32970,0,0,136010,0,2,0,3
"755",60968,1,1,1,1,2,1,0,1,1,8,"West",32814,0,0,5974,1,2,0,2
"756",61115,1,0,1,0,3,1,0,1,2,4,"East",30946,0,0,26922,1,1,0,1
"757",61145,2,4,0,1,0,1,0,0,2,6,"West",15304,0,0,81595,0,1,0,3
"758",61202,1,0,2,1,1,1,0,0,0,7,"North",31431,0,0,37830,0,1,0,2
"759",61240,0,1,0,0,4,0,0,0,3,9,"North",152257,6710,4,62693,1,5,1,5
"760",61289,1,0,1,1,0,1,0,1,7,8,"North",57752,30353,53,35466,0,3,1,3
"761",61368,1,1,1,0,4,1,1,1,2,4,"North",116668,29504,25,6808,0,4,1,4
"762",61412,0,1,0,0,4,0,1,0,8,4,"North",112733,27297,24,94687,1,4,2,4
"763",61459,1,0,0,1,5,1,0,0,6,6,"North",0,0,0,47164,0,0,0,3
"764",61480,1,0,1,1,2,1,0,1,7,8,"North",181106,68285,38,31453,0,3,2,3
"765",61671,1,0,1,0,3,1,0,1,7,9,"East",25789,0,0,29542,0,2,0,4
"766",61780,1,0,1,1,4,1,0,1,7,3,"South",2167,2167,100,158004,1,1,1,4
"767",61829,0,1,0,0,2,1,0,0,2,6,"West",116125,0,0,54627,1,3,0,4
"768",61837,1,0,1,0,3,1,0,1,3,4,"South",124349,43220,35,152026,1,3,1,4
"769",62003,0,1,0,0,3,1,1,0,3,8,"South",112991,19472,17,16381,1,4,1,3
"770",62254,1,0,1,1,1,1,0,1,3,5,"South",40179,38320,95,994,0,2,1,2
"771",62322,1,0,1,1,0,1,0,1,6,2,"West",20939,10338,49,182053,0,2,1,5
"772",62486,1,1,1,0,3,1,1,1,7,3,"South",37451,1475,4,20809,0,3,1,4
"773",62510,1,2,0,1,3,0,0,0,7,7,"North",102941,0,0,46147,1,4,0,4
"774",62600,1,0,1,0,2,1,0,1,6,5,"West",29311,1498,5,46748,1,3,1,4
"775",62611,1,0,0,0,3,0,0,0,7,6,"North",87734,0,0,81193,0,4,0,5
"776",62693,1,1,1,0,2,1,1,1,2,3,"South",64592,39357,61,0,0,2,1,3
"777",63145,1,1,1,0,5,1,1,1,1,7,"North",88805,44981,51,50916,1,4,2,4
"778",63170,1,0,0,0,3,0,0,0,2,9,"South",24593,0,0,11540,0,2,0,4
"779",63192,1,0,1,0,3,1,0,1,1,4,"East",19473,19473,100,18434,1,2,2,2
"780",63203,0,1,0,0,0,1,1,0,2,3,"North",48821,0,0,40691,0,4,0,4
"781",63306,1,0,1,0,4,1,0,1,4,7,"North",0,0,0,48866,0,0,0,4
"782",63397,0,1,0,0,0,0,1,0,4,5,"West",25986,15125,58,41987,1,2,1,3
"783",63663,1,0,1,0,0,1,0,1,8,7,"East",23923,0,0,17296,0,2,0,2
"784",63758,1,0,1,0,4,1,0,1,2,7,"West",11985,0,0,56346,0,2,0,2
"785",63769,1,1,1,0,1,1,1,1,5,2,"North",69075,11720,17,171171,1,5,1,5
"786",63865,1,0,0,1,5,0,0,0,7,7,"West",23965,0,0,21780,0,2,0,3
"787",63955,1,1,1,0,2,1,1,1,1,3,"West",0,0,0,12209,0,0,0,1
"788",64058,0,1,0,0,1,0,1,0,8,3,"South",0,0,0,67962,0,0,0,2
"789",64246,1,0,1,0,5,1,0,1,4,4,"West",41353,12175,29,64634,0,2,1,3
"790",64249,0,1,0,0,0,0,1,0,3,8,"South",101926,0,0,67581,1,3,0,3
"791",64358,1,0,2,1,2,1,0,0,8,4,"North",8771,0,0,21361,0,1,0,3
"792",64369,0,1,0,0,5,0,1,0,6,8,"North",67938,10855,16,13462,1,5,2,5
"793",64372,1,1,1,0,4,1,1,1,6,5,"East",58800,7191,12,21695,1,3,2,4
"794",64467,0,1,0,0,4,0,1,0,2,6,"East",34660,0,0,108162,0,1,0,3
"795",64532,1,1,1,0,2,1,1,1,8,8,"North",99680,15,0,28213,1,5,1,4
"796",64609,1,1,1,0,0,1,1,1,3,8,"North",22755,21337,94,42698,0,2,1,4
"797",64620,1,1,1,1,2,1,0,0,1,4,"North",51991,0,0,68477,1,1,0,4
"798",64778,1,1,1,1,3,1,1,1,8,4,"West",100777,9412,9,88318,1,4,1,4
"799",64808,0,1,0,0,2,0,1,0,6,4,"East",46328,1485,3,24658,1,4,1,5
"800",64917,0,1,0,0,2,0,0,0,0,6,"South",24046,0,0,75470,1,2,0,4
"801",65134,1,1,0,1,1,1,1,0,4,4,"North",48000,0,0,0,0,3,0,2
"802",65152,1,1,1,0,2,1,1,1,1,7,"South",79964,0,0,40786,0,2,0,3
"803",65246,1,0,1,1,4,1,0,1,4,6,"North",113295,13129,12,84653,0,4,2,5
"804",65296,0,1,0,1,1,1,1,0,8,4,"South",69782,40000,57,11913,1,4,3,4
"805",65606,1,1,1,1,3,1,1,1,1,5,"East",24594,15467,63,82522,0,3,1,5
"806",65816,1,0,1,0,1,1,0,1,1,6,"South",34142,14752,43,56391,0,2,1,4
"807",65838,0,1,0,0,2,0,1,0,7,6,"North",93535,90014,96,24155,0,3,2,3
"808",65963,0,1,0,0,1,0,1,0,2,3,"South",26245,11729,45,43104,1,3,1,4
"809",66151,1,0,1,0,1,1,0,1,3,7,"East",92265,0,0,22974,0,2,0,3
"810",66162,1,1,1,1,2,1,1,1,3,3,"East",138783,63804,46,163584,1,5,2,5
"811",66200,1,1,1,0,1,1,1,1,3,4,"East",42538,0,0,44597,0,1,0,2
"812",66225,2,1,2,1,1,1,1,0,3,2,"East",68187,0,0,60602,0,2,0,3
"813",66383,0,1,0,1,4,1,1,0,1,6,"South",56005,29312,52,53168,0,2,1,2
"814",66519,0,0,1,0,2,0,0,0,2,5,"West",97327,0,0,50651,0,3,0,6
"815",66555,1,1,1,1,3,1,1,1,9,5,"West",32194,0,0,19781,0,2,0,4
"816",66596,0,1,0,0,1,0,0,0,4,2,"West",23603,0,0,8375,0,2,0,1
"817",66707,0,1,0,0,2,0,1,0,8,8,"East",27664,17308,63,34709,0,2,1,3
"818",66868,1,0,1,0,0,1,0,1,2,7,"South",54410,0,0,19057,0,2,0,2
"819",66920,1,1,1,0,2,1,1,1,3,8,"North",68049,0,0,79870,0,3,0,4
"820",67015,1,0,1,1,1,1,0,1,2,6,"West",14698,0,0,111113,1,1,0,2
"821",67043,0,1,0,1,3,1,1,0,6,8,"East",84706,0,0,117754,0,3,0,4
"822",67062,1,1,1,1,5,1,1,1,1,5,"East",115134,0,0,27334,1,4,0,4
"823",67076,0,1,0,1,4,1,1,0,3,6,"North",60584,0,0,38954,0,2,0,3
"824",67206,1,1,1,0,0,1,1,1,1,6,"South",28434,0,0,45169,0,1,0,4
"825",67242,1,1,1,1,5,1,1,1,4,8,"East",37619,10115,27,0,0,1,1,2
"826",67247,1,0,1,0,2,1,0,1,7,5,"West",53699,0,0,29200,0,1,0,3
"827",67285,1,1,1,0,3,1,1,1,8,5,"East",38513,0,0,41281,1,2,0,3
"828",67411,1,1,1,0,3,1,1,1,2,5,"South",0,0,0,44609,0,0,0,2
"829",67462,1,0,1,1,3,1,0,1,2,5,"West",66597,0,0,70067,0,3,0,4
"830",67468,0,1,0,0,2,0,1,0,3,9,"West",43509,0,0,36735,0,2,0,1
"831",67596,0,1,0,0,2,0,1,0,1,6,"South",0,0,0,76066,0,0,0,2
"832",67909,1,0,1,0,5,1,0,1,3,8,"North",38093,18079,47,15531,1,3,1,3
"833",68048,1,0,1,1,3,1,0,1,8,6,"North",47654,18000,38,10248,1,2,1,3
"834",68114,1,0,1,0,1,1,0,1,0,9,"East",42767,42767,100,25136,0,1,1,3
"835",68301,2,2,1,1,1,1,1,1,8,8,"East",50304,50304,100,50702,0,1,1,3
"836",68351,1,1,1,0,5,1,1,1,6,6,"East",50820,0,0,0,0,2,0,2
"837",68402,1,0,1,0,4,1,0,1,2,3,"South",33937,25382,75,7989,1,2,1,3
"838",68441,1,0,0,0,3,0,0,0,5,5,"West",79231,0,0,68718,1,3,0,4
"839",68689,0,1,0,0,5,0,0,0,5,9,"North",22968,0,0,67119,0,1,0,4
"840",68708,1,0,1,0,3,1,0,1,7,3,"North",84785,0,0,26819,1,3,0,4
"841",68789,1,0,0,1,0,1,0,0,2,4,"West",86269,28581,33,78861,1,3,2,4
"842",68820,1,1,0,1,1,1,1,0,2,5,"East",73547,0,0,85202,1,4,0,4
"843",68961,1,0,1,0,4,1,0,1,7,8,"South",101358,7872,8,46498,1,5,1,4
"844",69005,0,1,0,1,3,1,0,0,5,5,"East",32415,8867,27,26161,0,3,1,3
"845",69122,0,2,0,0,4,0,0,0,3,4,"East",22154,5803,26,33200,1,3,1,4
"846",69212,1,0,1,1,3,1,0,1,6,6,"South",22364,0,0,14447,0,1,0,2
"847",69293,0,1,0,1,2,1,1,0,4,2,"South",32702,0,0,64007,0,1,0,4
"848",69354,1,0,0,1,4,1,0,0,1,6,"East",149172,0,0,21932,0,2,0,3
"849",69528,0,2,0,1,1,1,0,0,4,4,"North",12992,0,0,48895,0,2,0,4
"850",69678,1,1,1,1,2,0,1,0,9,6,"West",22587,0,0,68758,0,3,0,3
"851",69702,0,1,0,0,1,0,1,0,3,8,"East",23424,0,0,109232,1,1,0,3
"852",69850,1,0,0,0,5,0,0,0,7,4,"East",22876,1810,8,17050,1,2,1,4
"853",69861,0,1,0,0,5,0,0,0,4,7,"North",7020,0,0,103461,1,1,0,4
"854",69890,1,0,1,1,1,0,0,0,1,5,"East",49000,20000,41,31768,0,2,1,3
"855",70117,1,1,1,0,5,1,1,1,8,6,"East",73063,30718,42,33859,1,3,1,5
"856",70160,1,1,1,0,1,1,1,1,3,7,"South",108167,40997,38,29337,1,3,2,4
"857",70233,0,1,0,1,3,1,0,0,5,5,"West",26098,10951,42,0,0,3,1,2
"858",70247,0,1,0,0,4,0,0,0,8,3,"South",135602,36435,27,19217,1,5,2,5
"859",70334,0,1,0,0,4,0,0,0,2,6,"East",13046,3255,25,40760,1,2,1,4
"860",70402,1,0,1,0,4,1,0,1,3,9,"West",34006,3437,10,20253,0,3,1,4
"861",70428,1,0,1,0,4,1,0,1,2,3,"North",65876,0,0,130029,1,3,0,4
"862",70455,1,0,1,1,5,1,0,1,8,6,"West",48272,0,0,7011,0,1,0,1
"863",70588,0,1,0,0,3,0,1,0,1,2,"East",24420,8159,33,91978,0,3,1,4
"864",70613,0,1,0,0,1,0,1,0,4,3,"West",47538,0,0,8676,0,2,0,3
"865",70948,1,0,1,0,1,1,0,1,8,9,"North",40295,25424,63,61196,1,5,3,5
"866",70956,1,0,1,0,0,1,0,1,7,4,"West",0,0,0,25042,0,0,0,1
"867",70983,0,0,1,0,2,0,0,0,1,6,"South",7040,7040,100,22935,0,1,1,2
"868",71049,1,1,1,1,5,1,1,1,6,8,"West",93698,0,0,28005,0,3,0,3
"869",71060,0,1,0,0,1,0,1,0,4,4,"South",93021,22935,25,36158,0,3,1,4
"870",71277,1,1,1,0,3,1,1,1,0,5,"East",62773,31000,49,30304,0,2,1,2
"871",71313,2,0,1,0,1,0,0,0,1,5,"South",87481,26373,30,0,1,5,2,4
"872",71607,1,0,0,0,0,0,0,0,1,2,"West",47418,0,0,3706,0,1,0,2
"873",71632,0,1,0,0,4,0,0,0,4,3,"East",11033,0,0,74843,1,1,0,2
"874",71675,0,1,0,0,1,0,1,0,3,4,"North",23782,9302,39,15082,0,2,1,3
"875",71684,1,1,1,0,3,1,1,1,6,2,"North",111387,0,0,51844,1,3,0,4
"876",71754,1,1,1,0,1,1,1,1,7,4,"East",124366,40415,32,50713,1,5,1,4
"877",71989,1,0,1,1,3,1,0,1,5,2,"East",17244,11292,65,45776,1,4,1,4
"878",72005,0,1,0,1,1,1,0,0,6,2,"East",67688,38323,57,99482,1,2,1,5
"879",72128,1,1,1,1,1,1,1,1,1,8,"East",104250,39790,38,27546,1,4,1,4
"880",72221,2,2,0,1,3,0,0,0,7,6,"South",25143,19568,78,100282,0,2,1,3
"881",72311,0,1,0,0,2,0,1,0,2,7,"East",107907,9592,9,49266,1,5,1,4
"882",72449,0,1,0,0,0,0,1,0,4,4,"East",38262,0,0,69833,1,4,0,5
"883",72517,1,1,1,1,2,1,1,1,7,9,"East",53592,0,0,62490,1,4,0,5
"884",72537,0,1,0,0,3,0,1,0,8,5,"East",56396,23153,41,82331,1,2,1,3
"885",72567,1,1,1,0,3,1,1,1,4,7,"East",40086,2787,7,59351,1,3,1,4
"886",72727,1,0,1,0,4,1,0,1,8,8,"West",29264,0,0,136817,0,1,0,4
"887",72880,1,1,0,1,0,1,1,0,8,3,"East",0,0,0,71933,0,0,0,3
"888",72889,1,0,1,0,1,1,0,1,3,4,"West",2038,0,0,9449,1,1,0,3
"889",73062,2,1,0,1,1,1,1,0,6,9,"East",169710,41759,25,92669,1,4,2,5
"890",73216,1,0,1,1,2,1,0,1,4,9,"West",18303,18303,100,122369,0,2,2,3
"891",73218,1,2,2,1,1,1,0,0,0,7,"East",19658,0,0,56533,0,2,0,4
"892",73245,0,1,1,0,2,0,0,0,5,3,"North",81053,0,0,21251,1,3,0,3
"893",73338,0,2,0,0,5,0,0,0,1,5,"East",6655,0,0,59874,0,1,0,3
"894",73441,1,0,1,0,5,1,0,1,3,2,"West",73015,27195,37,32093,1,4,2,3
"895",73584,2,1,3,1,4,1,1,0,2,5,"East",82873,51856,63,16239,1,4,2,4
"896",73709,1,0,1,0,3,1,0,1,6,4,"West",21861,0,0,36552,0,1,0,2
"897",73761,1,0,0,1,4,1,0,0,10,6,"East",88201,0,0,8159,0,3,0,2
"898",73763,0,1,0,0,5,0,0,0,5,8,"North",10740,0,0,31775,0,2,0,4
"899",73807,1,1,1,0,4,1,1,1,0,8,"North",107619,19883,18,39162,0,3,1,3
"900",73965,1,0,1,1,3,0,0,0,2,6,"South",72532,0,0,83897,1,3,0,4
"901",74079,0,0,1,1,4,1,0,0,9,3,"North",109031,0,0,87164,0,4,0,5
"902",74112,1,0,0,1,1,1,0,0,5,6,"East",180543,73584,41,92325,1,5,2,4
"903",74139,1,1,1,0,5,1,1,1,5,2,"West",0,0,0,50291,0,0,0,3
"904",74254,0,1,0,0,2,0,1,0,2,6,"South",81053,55057,68,21892,1,4,2,4
"905",74276,1,1,1,0,5,1,1,1,2,3,"South",41519,0,0,41380,1,1,0,2
"906",74449,1,0,1,1,3,1,0,1,5,4,"South",11708,0,0,35367,1,2,0,2
"907",74589,0,1,0,1,0,1,1,0,1,4,"West",156919,40007,25,70853,1,4,1,5
"908",74600,1,1,1,1,2,1,1,1,9,7,"East",26514,0,0,102713,1,3,0,3
"909",74638,1,1,1,1,5,1,1,1,3,7,"South",54328,0,0,64601,0,3,0,4
"910",74644,1,1,1,0,2,1,1,1,0,6,"East",79206,7501,9,198243,0,4,1,5
"911",74662,0,1,0,0,3,0,1,0,5,5,"North",71357,64440,90,46577,0,3,2,4
"912",74676,0,2,0,0,1,0,0,0,4,5,"South",53676,0,0,96171,1,5,0,5
"913",74763,1,0,1,0,1,1,0,1,2,5,"North",25645,19162,75,44750,1,3,1,4
"914",74829,2,0,1,0,3,0,0,0,6,8,"East",8396,0,0,5339,1,1,0,2
"915",74850,1,1,1,0,2,1,1,1,8,9,"North",85597,0,0,18524,1,3,0,5
"916",74957,1,1,1,1,2,1,1,1,8,5,"West",46325,0,0,0,0,1,0,1
"917",75167,0,1,0,0,5,0,0,0,1,9,"North",129829,4560,4,463,1,4,1,4
"918",75191,2,1,3,1,0,0,1,0,8,8,"North",50565,0,0,70056,0,2,0,5
"919",75444,1,0,0,0,5,0,0,0,2,6,"South",102017,0,0,12906,0,4,0,3
"920",75505,1,0,1,1,4,1,0,1,10,8,"East",51254,27000,53,71725,1,3,1,5
"921",75671,1,1,1,1,3,1,1,0,7,3,"West",36900,0,0,62942,1,2,0,3
"922",75684,1,0,0,0,3,0,0,0,1,3,"East",15724,0,0,2169,1,4,0,3
"923",75685,1,0,0,0,0,0,0,0,2,5,"West",58323,47834,82,45335,1,2,1,3
"924",75695,0,1,0,1,4,1,1,0,0,3,"East",95563,10411,11,149513,1,4,1,4
"925",75878,2,1,4,1,3,1,1,0,1,5,"East",15968,0,0,64681,1,1,0,3
"926",76001,0,1,0,0,1,0,1,0,4,8,"East",0,0,0,40393,0,0,0,3
"927",76145,1,0,1,1,1,1,0,1,8,4,"West",151680,416,0,17597,0,4,1,4
"928",76213,1,1,1,0,1,1,1,1,4,8,"West",82341,38037,46,108374,1,2,1,4
"929",76262,3,2,0,1,4,1,0,0,3,6,"South",47569,22000,46,19127,0,2,1,3
"930",76395,1,1,0,1,5,1,1,0,8,6,"East",39610,0,0,63553,0,3,0,4
"931",76428,1,1,0,0,4,1,1,0,3,8,"North",19186,19186,100,6409,0,1,1,3
"932",76578,2,0,0,1,1,1,0,0,10,8,"North",54525,0,0,49763,1,2,0,3
"933",76726,0,1,0,0,1,0,0,0,6,8,"East",21892,21892,100,0,0,1,1,1
"934",76753,1,0,1,1,4,1,0,1,8,4,"West",88814,5975,7,48691,1,3,1,3
"935",76840,0,1,0,0,3,0,1,0,4,3,"West",74412,0,0,34293,1,2,0,4
"936",76842,2,0,0,0,3,0,0,0,8,3,"North",0,0,0,46198,0,0,0,2
"937",76935,0,1,0,0,4,0,0,0,2,3,"West",21428,21428,100,3416,0,2,2,2
"938",77036,1,0,0,1,4,1,0,0,1,3,"South",87435,0,0,22666,1,4,0,4
"939",77050,1,0,1,0,5,1,0,1,3,2,"South",54383,0,0,60382,0,2,0,4
"940",77082,0,1,0,0,1,0,0,0,2,8,"North",7202,0,0,144818,0,2,0,3
"941",77189,0,1,0,0,2,0,0,0,6,4,"West",25831,0,0,57622,1,3,0,4
"942",77317,1,1,1,0,0,1,1,1,7,5,"South",28460,6440,23,28459,0,3,1,4
"943",77399,1,0,0,0,2,0,0,0,2,4,"South",91960,0,0,1487,1,3,0,3
"944",77592,0,0,1,1,4,1,0,0,6,8,"South",44099,26651,60,46476,0,1,1,2
"945",77649,1,1,1,0,5,1,1,1,1,3,"East",103186,0,0,47878,1,3,0,2
"946",77658,1,1,1,1,5,1,1,1,5,7,"West",46879,21370,46,46721,1,2,1,2
"947",77780,0,1,0,0,2,0,0,0,8,4,"North",27410,0,0,3865,0,3,0,3
"948",77791,1,1,1,0,3,1,1,1,3,2,"West",30066,20213,67,109495,0,2,1,4
"949",77930,1,0,1,0,2,1,0,1,2,5,"North",51424,0,0,0,0,3,0,2
"950",77993,1,0,1,0,4,1,0,1,4,4,"West",19646,0,0,136498,0,1,0,4
"951",78102,0,1,0,0,3,0,0,0,5,2,"East",23209,1315,6,48338,0,2,1,5
"952",78140,1,2,0,1,0,1,1,0,6,5,"East",119403,0,0,84146,0,3,0,4
"953",78276,1,1,1,0,4,1,1,1,1,6,"North",67918,32767,48,6010,1,4,2,3
"954",78309,1,0,1,1,5,1,0,1,4,5,"East",87568,0,0,153926,1,2,0,4
"955",78320,1,1,1,0,4,1,1,1,6,5,"North",23000,23000,100,68087,0,1,1,4
"956",78366,1,1,0,1,1,1,1,0,8,8,"East",7071,0,0,39416,0,1,0,3
"957",78374,1,4,1,1,2,1,0,1,5,5,"North",46467,0,0,105887,1,2,0,5
"958",78671,0,2,0,0,2,0,0,0,4,5,"East",32713,0,0,43126,0,3,0,3
"959",78693,0,1,0,0,3,0,1,0,3,3,"South",10339,0,0,5613,0,2,0,1
"960",78840,0,1,0,0,1,0,1,0,2,7,"East",50023,0,0,100705,0,3,0,5
"961",78884,3,0,3,1,2,1,0,0,6,6,"West",9524,0,0,5113,1,1,0,1
"962",78892,1,0,2,1,3,1,0,1,10,7,"West",98341,24257,25,49510,0,3,1,4
"963",79001,0,1,0,0,3,0,1,0,3,4,"West",105566,22354,21,34923,1,5,1,6
"964",79026,1,0,1,1,1,1,0,1,3,6,"West",5916,0,0,106843,0,1,0,5
"965",79031,1,1,1,1,2,1,1,1,8,5,"South",60373,30584,51,13148,1,4,2,4
"966",79385,0,1,0,0,1,0,1,0,2,4,"East",2622,0,0,70703,1,1,0,3
"967",79486,1,1,1,1,1,1,1,1,1,5,"East",36535,0,0,93145,1,2,0,4
"968",79489,1,0,1,0,1,1,0,1,8,5,"East",30302,0,0,0,0,2,0,2
"969",79685,1,1,1,0,2,1,1,1,3,3,"South",53757,6639,12,47225,1,4,1,4
"970",79775,1,1,1,1,2,1,1,1,2,8,"South",56027,0,0,13792,1,2,0,4
"971",80034,0,1,0,1,1,0,0,0,10,6,"West",127264,85168,67,20471,0,3,2,3
"972",80064,1,1,1,1,2,1,1,1,6,4,"East",35155,0,0,54818,0,2,0,4
"973",80192,1,0,1,1,4,1,0,1,0,7,"South",33501,0,0,49666,0,1,0,2
"974",80206,1,0,1,1,1,0,0,0,8,4,"West",106232,53792,51,33573,1,3,1,2
"975",80391,1,0,0,1,1,0,0,0,5,8,"West",0,0,0,25512,0,0,0,1
"976",80427,1,1,1,1,2,0,1,0,5,7,"West",87248,0,0,7699,1,3,0,4
"977",80443,0,1,0,1,0,1,1,0,6,5,"West",107556,0,0,85610,1,5,0,3
"978",80601,1,1,1,0,3,1,1,1,4,7,"North",3708,0,0,60826,0,1,0,2
"979",80625,1,0,1,0,5,1,0,1,6,4,"East",21106,0,0,64078,0,3,0,4
"980",80748,1,0,1,0,2,1,0,1,7,4,"West",61488,0,0,45639,1,4,0,4
"981",80784,1,1,1,0,2,1,1,1,3,6,"South",38842,38842,100,33773,0,1,1,3
"982",80808,3,1,3,1,2,0,1,0,1,7,"West",24132,0,0,20748,0,3,0,3
"983",81015,1,1,1,0,4,1,1,1,2,2,"South",52551,27159,52,75598,0,2,1,4
"984",81023,1,1,1,1,3,1,1,1,4,9,"North",67171,0,0,40090,1,3,0,2
"985",81121,2,0,0,0,4,0,0,0,6,6,"North",85009,85009,100,6390,0,2,2,2
"986",81255,1,0,1,1,2,1,0,1,7,8,"West",20104,20104,100,87222,0,1,1,2
"987",81473,1,1,1,0,4,1,1,1,6,8,"North",44707,0,0,17920,1,2,0,3
"988",81533,1,0,1,0,0,1,0,1,6,7,"South",24727,8786,36,67324,1,3,1,3
"989",81648,0,1,0,0,2,0,0,0,3,8,"North",39249,0,0,191411,0,2,0,4
"990",81655,1,0,1,0,2,1,0,1,0,9,"North",53912,30732,57,48923,0,3,2,4
"991",81775,0,1,0,0,3,0,1,0,1,3,"South",55609,0,0,72410,0,2,0,3
"992",81800,1,0,1,0,5,1,0,1,1,3,"North",40214,0,0,1176,1,2,0,3
"993",81827,1,1,1,0,2,1,1,1,2,4,"West",54419,52458,96,99055,0,3,1,5
"994",81830,1,1,1,0,3,1,1,1,4,3,"West",105303,55837,53,26590,1,6,3,4
"995",81871,1,0,1,1,4,1,0,1,9,5,"North",150983,81450,54,31264,1,6,3,4
"996",81950,0,1,0,1,5,1,1,0,0,7,"North",57570,26127,45,54691,0,2,1,4
"997",81974,1,1,1,0,2,1,1,1,0,6,"West",70582,0,0,39092,1,2,0,2
"998",82121,1,1,1,1,1,0,1,0,10,5,"South",53000,24000,45,13675,0,2,1,3
"999",82173,1,0,1,0,1,1,0,1,1,3,"South",0,0,0,37032,0,0,0,2
"1000",82200,1,1,1,0,3,1,1,1,0,3,"East",12795,8799,69,0,0,2,1,2
"1001",82383,1,0,1,1,2,1,0,1,9,7,"East",45782,22500,49,87135,1,2,1,3
"1002",82394,1,1,1,0,4,1,1,1,6,3,"North",95940,48570,51,1191,1,2,1,4
"1003",82399,0,1,0,0,4,0,0,0,8,8,"North",6671,0,0,5524,1,1,0,1
"1004",82506,1,1,1,0,2,1,1,1,6,2,"West",75928,10520,14,5688,0,3,1,4
"1005",82517,0,1,0,0,3,0,0,0,3,3,"East",4345,4345,100,62810,1,1,1,3
"1006",82530,0,1,0,0,1,0,0,0,3,6,"South",44016,3181,7,40442,1,2,1,3
"1007",82539,1,0,1,0,3,1,0,1,3,5,"South",139850,19288,14,15864,1,7,2,4
"1008",82568,1,1,1,0,4,1,1,1,6,4,"West",25816,0,0,26610,1,2,0,3
"1009",82713,2,2,2,1,1,0,1,0,7,5,"East",78759,0,0,68422,1,5,0,4
"1010",82740,1,1,1,1,3,1,1,1,4,6,"North",280868,25625,9,103090,1,7,1,4
"1011",82816,1,1,1,0,4,1,1,1,3,5,"West",120707,97980,81,50995,1,3,2,3
"1012",82887,1,2,0,1,5,0,0,0,5,6,"South",149027,20391,14,76873,1,4,2,3
"1013",82901,1,0,1,1,0,0,0,0,5,6,"East",55318,29188,53,35345,1,2,1,3
"1014",82934,1,0,0,1,1,0,0,0,10,2,"West",0,0,0,31385,0,0,0,2
"1015",82945,1,1,1,0,2,1,1,1,2,2,"North",75718,0,0,131268,1,3,0,5
"1016",83026,1,0,1,1,3,1,0,1,3,3,"South",15011,0,0,79789,0,2,0,4
"1017",83037,1,1,1,0,0,1,1,1,1,4,"West",100914,0,0,99618,1,4,0,5
"1018",83062,0,1,0,0,0,0,1,0,3,9,"East",34323,0,0,18197,1,2,0,3
"1019",83291,1,0,1,0,1,1,0,1,5,4,"South",0,0,0,29768,0,0,0,1
"1020",83394,1,0,1,1,5,1,0,1,5,2,"South",86244,0,0,57445,1,4,0,4
"1021",83533,1,0,0,0,4,0,0,0,7,5,"East",16854,0,0,76494,0,2,0,4
"1022",83817,1,0,1,1,1,1,0,1,6,5,"South",60885,0,0,131515,1,4,0,4
"1023",83890,1,0,0,0,1,0,0,0,2,4,"West",55582,28543,51,0,1,3,1,3
"1024",84122,2,2,2,1,3,1,1,1,3,3,"East",65161,0,0,4041,0,3,0,3
"1025",84334,1,0,1,1,0,1,0,1,9,6,"South",41604,0,0,6754,0,3,0,2
"1026",84466,1,1,1,0,2,1,1,1,7,4,"West",16380,0,0,20976,0,1,0,3
"1027",84471,1,0,0,0,5,0,0,0,7,6,"West",96405,0,0,31173,1,5,0,4
"1028",84479,1,0,1,1,4,1,0,1,9,3,"South",53387,12519,23,121172,1,2,1,4
"1029",84498,0,1,0,0,3,0,1,0,3,2,"West",26631,0,0,72284,0,1,0,4
"1030",84574,0,1,0,0,2,0,0,0,4,5,"East",110094,73533,67,87194,1,6,3,5
"1031",84582,1,0,1,0,0,1,0,1,4,8,"West",9027,0,0,101045,0,1,0,3
"1032",84596,0,1,0,1,0,0,1,0,7,4,"South",41055,0,0,42096,1,2,0,3
"1033",84665,0,1,0,0,3,0,1,0,3,2,"East",26978,20827,77,12528,0,3,2,4
"1034",84858,2,1,3,1,2,0,1,0,9,5,"North",135621,15780,12,48976,0,3,1,4
"1035",84866,0,1,0,0,5,0,1,0,7,6,"East",835,0,0,55327,1,1,0,2
"1036",84931,0,1,0,0,5,0,1,0,7,8,"East",16531,0,0,188397,1,3,0,4
"1037",85032,1,0,1,0,3,1,0,1,1,4,"North",14970,14970,100,89472,0,2,2,3
"1038",85046,1,1,2,1,2,0,1,0,5,6,"North",19737,0,0,111015,0,2,0,3
"1039",85163,1,1,1,1,4,1,1,1,3,2,"West",47920,0,0,83041,1,4,0,5
"1040",85198,1,0,1,0,0,1,0,1,0,9,"South",63825,63825,100,11881,0,2,2,2
"1041",85277,0,1,0,0,2,0,1,0,7,8,"North",16117,16117,100,14568,0,1,1,2
"1042",85345,0,1,0,1,1,1,0,0,1,4,"East",33520,0,0,9210,1,1,0,2
"1043",85474,0,2,0,0,3,0,0,0,4,2,"North",21783,21783,100,12613,1,2,2,1
"1044",85487,1,1,1,1,1,0,1,0,8,4,"South",23906,0,0,72275,0,1,0,4
"1045",85626,0,1,2,1,3,1,1,0,1,5,"North",0,0,0,20512,0,0,0,4
"1046",85710,0,1,0,1,3,1,1,0,10,6,"North",11693,0,0,29611,0,1,0,3
"1047",85836,0,1,0,1,0,1,1,0,6,9,"East",50189,9641,19,39842,1,3,1,3
"1048",85866,1,1,1,1,4,0,1,0,9,5,"West",128729,0,0,28880,1,4,0,5
"1049",85890,1,0,1,1,5,1,0,1,2,2,"South",117776,0,0,62677,1,3,0,5
"1050",86065,1,0,1,0,4,1,0,1,1,8,"North",87201,55236,63,84015,1,4,2,4
"1051",86073,1,1,1,1,0,1,1,1,2,2,"South",41184,0,0,15844,1,2,0,3
"1052",86275,1,0,1,1,1,1,0,1,8,7,"West",55179,4252,8,22383,1,3,1,3
"1053",86408,0,1,0,0,3,0,1,0,6,3,"North",0,0,0,39650,0,0,0,3
"1054",86430,1,1,1,0,3,1,1,1,7,2,"North",25806,0,0,23902,1,6,0,3
"1055",86526,1,0,0,0,1,0,0,0,3,8,"North",11575,0,0,83695,0,1,0,3
"1056",86583,0,1,0,0,1,0,1,0,0,6,"East",19414,0,0,82634,1,2,0,3
"1057",86624,2,0,0,0,4,0,0,0,8,6,"South",99381,0,0,50364,1,3,0,2
"1058",86743,1,0,1,0,3,1,0,1,0,5,"West",141770,0,0,32879,1,4,0,4
"1059",86790,1,0,1,0,1,1,0,1,2,2,"East",102341,6625,6,75982,1,5,1,4
"1060",86874,0,1,0,1,1,1,1,0,9,7,"West",46224,0,0,136378,0,1,0,5
"1061",86948,1,0,1,1,4,1,0,1,8,5,"West",0,0,0,29735,0,0,0,2
"1062",87106,0,1,0,0,3,0,1,0,6,8,"North",87283,9366,11,14314,1,3,1,5
"1063",87245,1,0,0,0,0,0,0,0,3,4,"North",0,0,0,87514,0,0,0,4
"1064",87341,2,3,0,1,2,0,0,0,3,9,"South",50676,43035,85,55526,1,3,2,4
"1065",87384,1,1,1,0,3,1,1,1,1,3,"East",173378,38964,22,19513,1,4,1,5
"1066",87439,1,1,1,1,2,1,1,1,9,9,"South",10895,0,0,30755,0,1,0,2
"1067",87468,0,1,0,0,2,0,1,0,3,5,"East",26091,0,0,66082,1,3,0,3
"1068",87577,0,1,0,0,2,0,1,0,3,2,"West",56465,0,0,1590,1,2,0,3
"1069",87637,1,0,1,0,4,1,0,1,2,2,"West",65756,18880,29,171635,0,3,1,4
"1070",87695,0,1,0,0,3,0,1,0,8,3,"North",0,0,0,17061,0,0,0,1
"1071",87788,1,0,1,0,1,1,0,1,3,8,"East",67050,0,0,36207,1,3,0,3
"1072",87823,1,2,0,1,2,0,0,0,3,3,"West",79383,42578,54,19436,0,2,1,3
"1073",87924,1,1,1,0,4,1,1,1,1,5,"North",88391,45826,52,63148,0,2,1,3
"1074",87975,0,1,0,0,1,0,1,0,5,5,"East",49746,0,0,99213,0,3,0,5
"1075",88014,1,0,1,0,3,1,0,1,7,4,"South",16510,10056,61,0,1,2,1,2
"1076",88016,0,1,0,0,3,0,1,0,4,3,"North",48269,42850,89,46368,0,2,1,3
"1077",88019,1,0,0,0,3,1,0,0,8,7,"East",81786,0,0,60880,0,2,0,3
"1078",88123,1,0,1,1,2,1,0,1,2,4,"West",40799,0,0,0,0,3,0,3
"1079",88169,1,0,0,1,3,0,0,0,1,6,"East",41065,0,0,35682,1,3,0,4
"1080",88188,2,1,0,0,0,0,0,0,0,9,"West",10257,0,0,91300,1,1,0,3
"1081",88471,1,1,1,1,4,0,1,0,1,4,"West",24589,12000,49,79746,1,3,1,5
"1082",88515,1,1,1,0,2,1,1,1,3,7,"East",50304,0,0,47874,0,2,0,3
"1083",88526,1,1,1,0,3,1,1,1,2,5,"North",44088,37730,86,55171,1,2,1,3
"1084",88629,1,1,1,0,1,1,1,1,1,6,"West",47556,0,0,59281,1,3,0,3
"1085",88632,1,1,1,1,2,0,1,0,2,4,"North",26052,26052,100,49018,0,1,1,2
"1086",88804,1,0,1,0,3,1,0,1,5,3,"West",55001,0,0,13293,1,2,0,2
"1087",88840,1,0,1,1,2,1,0,1,0,5,"East",118594,62064,52,14547,1,2,1,4
"1088",89063,1,1,1,1,1,1,1,1,3,9,"East",23399,0,0,37271,0,2,0,4
"1089",89175,1,0,1,0,4,1,0,1,8,6,"West",0,0,0,65158,0,0,0,2
"1090",89210,1,0,1,0,4,1,0,1,2,6,"North",81121,0,0,108284,0,2,0,4
"1091",89226,0,1,0,0,4,0,0,0,6,8,"North",185988,24102,13,30980,1,5,1,4
"1092",89232,0,1,0,0,4,1,0,0,8,9,"West",1964,0,0,607,1,1,0,2
"1093",89235,1,0,1,1,4,1,0,1,5,7,"West",11835,0,0,20714,0,3,0,3
"1094",89401,1,0,0,0,1,0,0,0,2,3,"East",31137,0,0,45395,0,1,0,3
"1095",89624,2,0,0,1,4,0,0,0,2,6,"South",33101,0,0,48996,1,5,0,4
"1096",89728,1,1,1,0,3,1,1,1,7,6,"South",52987,0,0,74348,0,2,0,4
"1097",89777,1,1,1,0,1,1,1,1,5,8,"South",11637,3494,30,53464,0,2,1,4
"1098",89785,0,1,0,0,1,1,1,0,7,5,"West",11736,0,0,88527,1,1,0,3
"1099",89880,1,1,1,1,2,1,1,1,8,6,"West",58682,29848,51,103597,0,3,1,4
"1100",89894,1,1,1,1,4,0,1,0,7,2,"East",25065,0,0,221642,0,1,0,5
"1101",90027,1,1,1,1,1,0,1,0,7,5,"North",4798,4798,100,34634,1,1,1,4
"1102",90038,1,1,1,0,3,1,1,1,4,5,"East",161624,0,0,40154,1,5,0,4
"1103",90085,1,1,1,1,1,1,1,1,6,8,"West",25714,0,0,43451,0,2,0,4
"1104",90317,0,0,1,0,0,1,0,0,1,8,"West",12384,9087,73,0,1,3,2,2
"1105",90499,1,1,1,1,2,1,1,1,3,8,"West",47043,20000,43,59741,1,2,1,5
"1106",90595,1,0,1,0,5,1,0,1,3,4,"South",11541,0,0,150100,0,5,0,4
"1107",90633,1,1,1,0,3,1,1,1,2,5,"East",26034,0,0,71287,1,3,0,3
"1108",90821,0,1,0,0,5,0,1,0,8,6,"North",33470,0,0,60392,0,2,0,3
"1109",90856,0,1,0,0,4,0,1,0,5,3,"East",24773,0,0,16205,0,1,0,3
"1110",91093,0,1,0,1,2,1,1,0,1,4,"East",149756,46021,31,93057,1,5,1,5
"1111",91104,1,0,1,1,3,1,0,1,8,7,"East",102546,25283,25,136188,1,3,1,5
"1112",91254,0,1,0,0,0,0,1,0,2,5,"East",28918,0,0,35863,0,1,0,2
"1113",91333,1,1,1,1,4,1,1,1,5,4,"West",43800,3878,9,143491,0,2,1,4
"1114",91464,1,0,1,0,5,1,0,1,2,4,"East",94463,10386,11,82368,1,5,2,5
"1115",91475,0,1,0,1,5,0,1,0,1,2,"North",36098,36098,100,144474,0,1,1,3
"1116",91486,1,1,1,0,2,1,1,1,2,5,"South",23701,15712,66,115811,1,3,2,4
"1117",91532,1,0,1,1,3,1,0,1,3,6,"South",56510,15816,28,112549,0,3,1,3
"1118",91543,0,1,0,0,4,0,1,0,1,5,"North",1730,0,0,0,0,1,0,1
"1119",91611,1,0,2,1,2,0,0,0,6,8,"East",5131,0,0,62651,0,1,0,2
"1120",91668,0,1,0,0,3,0,1,0,2,4,"North",9315,9315,100,628,1,1,1,2
"1121",92170,1,0,1,0,3,1,0,1,6,8,"South",100461,7878,8,5205,1,4,1,4
"1122",92254,2,2,2,1,5,0,0,0,6,2,"East",5334,0,0,57979,0,1,0,3
"1123",92328,1,0,1,1,3,0,0,0,2,6,"East",6202,2236,36,120998,1,3,2,3
"1124",92355,0,1,0,1,3,1,0,0,10,8,"North",23359,0,0,60184,0,1,0,2
"1125",92363,1,1,1,0,3,1,1,1,3,3,"West",115934,0,0,126793,1,4,0,3
"1126",92388,1,1,1,0,0,1,1,1,2,4,"East",44910,0,0,73240,0,1,0,3
"1127",92546,0,1,0,0,1,0,1,0,6,2,"East",154620,13210,9,0,1,6,1,3
"1128",92560,1,0,0,0,4,0,0,0,3,5,"South",41498,8818,21,137517,1,2,1,4
"1129",92611,1,0,0,0,2,0,0,0,5,3,"North",204318,33944,17,15819,1,7,1,5
"1130",92663,0,1,0,0,2,0,1,0,7,6,"South",65948,0,0,68471,1,2,0,3
"1131",92725,1,0,1,0,5,1,0,1,4,3,"South",97699,0,0,48989,1,3,0,3
"1132",92922,1,0,1,0,0,1,0,1,6,2,"North",72276,0,0,11678,0,3,0,3
"1133",93012,1,1,1,0,0,1,1,1,3,6,"North",13788,0,0,58772,0,2,0,4
"1134",93020,1,1,1,1,2,0,1,0,4,7,"West",57864,0,0,99761,1,3,0,4
"1135",93034,0,1,0,0,2,0,1,0,7,7,"East",0,0,0,65634,0,0,0,2
"1136",93091,1,1,1,1,0,0,1,0,2,7,"North",50911,8307,16,76083,1,3,1,5
"1137",93094,0,1,0,0,2,0,1,0,6,6,"East",197060,25801,13,60162,0,5,2,4
"1138",93219,1,1,1,1,4,1,1,1,6,7,"South",97991,0,0,117554,1,4,0,5
"1139",93257,1,1,1,1,0,1,1,1,8,4,"East",27832,0,0,22414,1,1,0,2
"1140",93301,1,0,3,1,4,0,0,0,4,4,"West",47802,0,0,5213,0,1,0,4
"1141",93303,0,1,0,0,4,0,1,0,5,8,"East",128834,73974,57,85735,0,3,2,4
"1142",93369,1,1,1,0,3,1,1,1,8,8,"South",63652,0,0,23251,1,2,0,4
"1143",93380,1,0,1,1,4,1,0,1,4,5,"North",52219,47916,92,14688,0,4,2,3
"1144",93612,1,0,1,0,0,1,0,1,3,3,"South",11317,7000,62,5509,1,4,1,4
"1145",93715,0,1,0,0,3,0,1,0,5,2,"North",16805,0,0,8612,0,1,0,1
"1146",93840,1,2,1,1,2,1,0,1,10,9,"North",67841,50648,75,26815,0,2,1,3
"1147",93889,0,1,0,0,3,0,1,0,5,4,"South",79322,30622,39,316,1,5,1,5
"1148",93911,1,0,1,1,2,1,0,1,8,3,"East",33847,33847,100,59494,0,3,3,4
"1149",93961,1,0,1,0,1,1,0,1,1,5,"North",86529,729,1,44040,1,3,1,4
"1150",93982,1,1,1,0,2,1,1,1,5,8,"East",53243,3511,7,13932,1,5,1,4
"1151",94072,1,0,0,0,2,0,0,0,5,5,"East",142510,0,0,6897,1,3,0,3
"1152",94085,1,0,1,0,4,1,0,1,4,2,"South",2240,0,0,49198,0,1,0,2
"1153",94148,1,1,1,0,0,1,1,1,3,5,"South",0,0,0,90720,0,0,0,3
"1154",94696,1,0,1,1,3,1,0,1,5,5,"South",37241,2139,6,175058,0,3,1,4
"1155",94712,1,1,1,1,2,0,1,0,1,4,"South",41955,0,0,48140,0,2,0,3
"1156",94824,0,1,0,0,2,0,1,0,6,8,"East",0,0,0,10339,0,0,0,1
"1157",94963,0,1,0,0,4,0,1,0,0,8,"West",39455,0,0,37313,0,2,0,3
"1158",94999,0,1,0,0,3,0,1,0,6,8,"South",40090,11787,29,67377,1,2,1,4
"1159",95032,1,1,1,0,3,1,1,1,6,4,"West",47445,0,0,18445,0,2,0,3
"1160",95061,1,0,1,0,4,1,0,1,1,6,"West",0,0,0,44713,0,0,0,4
"1161",95214,1,0,1,0,3,1,0,1,7,7,"West",70115,23619,34,13291,1,2,1,4
"1162",95227,1,0,1,0,4,1,0,1,1,5,"South",133841,44251,33,37366,1,4,1,5
"1163",95370,0,1,0,0,2,0,1,0,1,3,"East",36031,14817,41,86296,1,2,1,4
"1164",95494,1,1,1,0,3,1,1,1,7,7,"South",11351,981,9,38521,1,4,1,4
"1165",95541,1,1,1,0,4,1,1,1,4,3,"East",68623,0,0,20222,1,5,0,3
"1166",95718,1,1,0,1,1,0,1,0,5,3,"East",45294,0,0,34112,0,2,0,3
"1167",96015,1,1,1,0,0,1,1,1,0,8,"West",143980,47345,33,68351,0,5,2,4
"1168",96026,0,1,0,1,1,1,1,0,6,2,"North",81857,0,0,40409,1,5,0,5
"1169",96061,0,1,0,0,2,0,1,0,4,2,"South",46231,0,0,4337,0,1,0,2
"1170",96062,1,0,1,1,3,0,0,0,1,3,"North",55610,0,0,13882,1,4,0,3
"1171",96249,1,0,1,1,5,1,0,1,1,5,"East",21771,0,0,60364,0,1,0,5
"1172",96260,0,1,0,0,2,0,1,0,7,2,"East",63049,29531,47,59776,1,2,1,5
"1173",96279,1,0,1,0,4,1,0,1,7,5,"North",58274,0,0,20945,1,2,0,2
"1174",96361,1,0,1,0,4,1,0,1,7,7,"South",36182,26035,72,114196,0,2,1,4
"1175",96593,1,1,1,0,3,1,1,1,5,2,"South",8509,0,0,8955,0,1,0,2
"1176",96606,1,0,0,0,1,0,0,0,5,5,"North",38140,35991,94,124605,0,2,1,4
"1177",96721,1,1,1,0,2,1,1,1,7,4,"North",55314,0,0,156705,1,3,0,4
"1178",96735,1,1,1,0,1,1,1,1,4,9,"West",45688,0,0,2936,0,1,0,1
"1179",96963,1,0,1,0,5,1,0,1,2,9,"East",50388,20973,42,116791,1,4,2,3
"1180",97007,1,1,0,0,4,0,1,0,4,7,"South",25659,17425,68,2180,0,3,2,2
"1181",97070,1,1,1,1,3,1,1,1,9,5,"West",92662,0,0,222754,1,3,0,4
"1182",97081,0,1,0,0,4,0,1,0,1,7,"East",19371,0,0,5779,0,2,0,4
"1183",97116,1,0,1,0,3,1,0,1,5,6,"East",39877,0,0,43079,0,2,0,4
"1184",97241,1,1,1,0,4,1,1,1,1,6,"East",50692,1657,3,64796,0,3,2,5
"1185",97266,1,0,1,0,1,1,0,1,0,2,"South",167021,0,0,64956,1,5,0,4
"1186",97277,0,1,0,0,3,0,0,0,6,7,"South",25155,25155,100,11713,0,1,1,2
"1187",97285,0,1,0,1,4,0,0,0,6,3,"East",32526,9201,28,27464,1,3,1,4
"1188",97288,0,1,0,0,3,0,1,0,0,3,"West",6830,0,0,17581,1,2,0,2
"1189",97329,0,1,0,0,2,0,1,0,1,7,"East",46727,46727,100,0,1,1,1,1
"1190",97353,2,1,0,1,0,0,1,0,2,5,"North",275896,138500,50,0,1,5,1,4
"1191",97424,1,2,0,1,2,0,0,0,1,8,"West",58638,0,0,44197,1,3,0,3
"1192",97451,1,0,1,1,4,1,0,1,1,2,"West",72343,0,0,38155,1,2,0,4
"1193",97475,2,1,2,1,4,0,1,0,3,3,"West",106898,0,0,66014,1,3,0,4
"1194",97626,0,1,0,1,2,1,0,0,7,3,"East",33554,16658,50,0,1,2,1,2
"1195",97691,0,1,0,0,0,0,1,0,2,2,"West",50191,3802,8,243,1,4,1,4
"1196",97699,1,1,2,1,3,0,1,0,0,3,"South",15358,0,0,37753,1,2,0,3
"1197",98130,1,1,1,1,4,1,1,1,7,2,"East",53261,0,0,0,0,1,0,1
"1198",98166,0,1,0,1,1,1,1,0,3,6,"South",37008,0,0,65391,0,1,0,3
"1199",98214,2,0,2,1,0,0,0,0,4,7,"South",119539,0,0,104786,1,5,0,4
"1200",98223,1,1,1,0,3,1,1,1,4,3,"North",0,0,0,45317,0,0,0,1
"1201",98337,1,1,1,1,2,1,1,1,9,8,"East",151509,16702,11,103491,1,5,1,6
"1202",98362,1,1,1,1,2,1,1,1,10,4,"West",64291,0,0,29094,0,3,0,2
"1203",98476,1,0,1,1,2,0,0,0,9,7,"South",10864,10864,100,3786,1,1,1,2
"1204",98523,1,1,1,0,4,1,1,1,2,4,"East",70709,11541,16,45333,0,4,1,4
"1205",98593,1,2,1,1,0,1,0,0,9,6,"East",22280,0,0,41519,0,1,0,3
"1206",98729,2,0,5,1,4,0,0,0,10,7,"West",45026,0,0,65031,0,3,0,5
"1207",98904,1,0,1,0,1,1,0,1,6,5,"East",108451,15613,14,55508,1,3,1,4
"1208",99007,1,0,1,0,1,1,0,1,4,2,"South",102945,15786,15,87814,1,5,1,4
"1209",99032,0,0,2,1,4,1,0,0,6,3,"West",41577,12503,30,88505,0,4,2,3
"1210",99057,1,1,0,1,5,0,1,0,0,3,"West",0,0,0,15576,0,0,0,3
"1211",99078,1,0,1,0,3,1,0,1,5,3,"East",78052,0,0,88733,0,1,0,3
"1212",99086,0,1,0,0,5,0,1,0,6,7,"West",12327,0,0,48936,0,1,0,4
"1213",99233,0,2,2,1,1,0,0,0,4,5,"West",81968,0,0,156895,0,2,0,5
"1214",99258,1,0,1,1,0,1,0,1,9,6,"East",44600,0,0,30637,0,2,0,3
"1215",99261,1,1,1,0,5,1,1,1,6,3,"East",0,0,0,101466,0,0,0,4
"1216",99367,0,1,0,1,1,0,0,0,0,3,"East",56700,56700,100,116416,1,1,1,5
"1217",99370,0,1,0,1,2,1,0,0,2,3,"North",144464,35151,24,80418,1,6,2,5
"1218",99596,1,1,1,1,4,1,1,1,7,8,"East",41065,20000,49,27438,1,3,1,4
"1219",99702,1,0,1,1,2,1,0,1,2,7,"West",77856,0,0,41838,0,3,0,2
"1220",99727,1,0,1,1,0,1,0,1,5,4,"West",40733,14563,36,70811,1,3,1,5
"1221",99763,0,1,0,0,1,0,1,0,3,2,"East",104509,9225,9,9975,1,5,1,4
"1222",99765,1,1,1,1,5,1,1,1,5,8,"South",41777,4994,12,122255,0,3,1,5
"1223",99912,1,1,1,0,1,1,1,1,8,2,"West",90240,48075,53,57923,1,4,1,4
"1224",99921,0,1,0,1,4,1,1,0,2,7,"North",0,0,0,24336,0,0,0,2
"1225",99923,1,1,1,0,2,1,1,1,8,7,"East",26770,0,0,107540,0,1,0,3
"1226",99972,0,1,0,0,1,0,1,0,2,3,"South",90946,0,0,41591,1,6,0,5
"1227",99994,1,2,1,1,1,1,0,1,4,2,"East",77283,37500,49,128934,0,2,1,4
"1228",99997,1,0,1,1,5,1,0,1,2,8,"North",98617,0,0,61337,1,4,0,4
